es                 ,en             ,Part of Speech ,Notes              ,Related                    ,
el abril           ,April          ,Noun           ,                   ,                           ,
el agosto          ,August         ,Noun           ,                   ,                           ,
el diciembre       ,December       ,Noun           ,                   ,                           ,
el febrero         ,February       ,Noun           ,                   ,                           ,
el viernes         ,Friday         ,Noun           ,                   ,                           ,
yo                 ,I              ,Pronoun        ,                   ,"me, my, mine, myself"     ,
el enero           ,January        ,Noun           ,                   ,                           ,
el julio           ,July           ,Noun           ,                   ,                           ,
el junio           ,June           ,Noun           ,                   ,                           ,
la marcha          ,March          ,Noun           ,                   ,                           ,
el Mayo            ,May            ,Noun           ,                   ,                           ,
el lunes           ,Monday         ,Noun           ,                   ,                           ,
el noviembre       ,November       ,Noun           ,                   ,                           ,
el octubre         ,October        ,Noun           ,                   ,                           ,
el sábado          ,Saturday       ,Noun           ,                   ,                           ,
el septiembre      ,September      ,Noun           ,                   ,                           ,
el domingo         ,Sunday         ,Noun           ,                   ,                           ,
el jueves          ,Thursday       ,Noun           ,                   ,                           ,
el martes          ,Tuesday        ,Noun           ,                   ,                           ,
el Miércoles       ,Wednesday      ,Noun           ,                   ,                           ,
la tierra          ,earth          ,Noun           ,                   ,                           ,
el Dios            ,god            ,Noun           ,                   ,                           ,
la remera          ,t-shirt        ,Noun           ,                   ,                           ,
el actor           ,actor          ,Noun           ,                   ,                           ,
el adjetivo        ,adjective      ,Noun           ,                   ,                           ,
el adulto          ,adult          ,Noun           ,                   ,                           ,
la tarde           ,afternoon      ,Noun           ,                   ,                           ,
El aire            ,air            ,Noun           ,                   ,                           ,
el aeropuerto      ,airport        ,Noun           ,                   ,                           ,
el vivo            ,alive          ,Noun           ,                   ,                           ,
y                  ,and            ,Conjunction    ,                   ,                           ,
el animal          ,animal         ,Noun           ,                   ,                           ,
la respuesta       ,answer         ,Noun           ,                   ,                           ,
la nada            ,anything       ,Noun           ,                   ,                           ,
aparte             ,apart          ,Adverb         ,                   ,                           ,
el apartamento     ,apartment      ,Noun           ,                   ,                           ,
la manzana         ,apple          ,Noun           ,                   ,                           ,
el brazo           ,arm            ,Noun           ,                   ,                           ,
El ejercito        ,army           ,Noun           ,                   ,                           ,
el alrededor       ,around         ,Noun           ,                   ,                           ,
el arte            ,art            ,Noun           ,                   ,                           ,
el artista         ,artist         ,Noun           ,                   ,                           ,
como               ,as             ,Conjunction    ,                   ,                           ,
a                  ,at             ,Conjunction    ,                   ,.                          
el ataque          ,attack         ,Noun           ,                   ,                           ,
la atencion        ,attention      ,Noun           ,                   ,                           ,
la tía             ,aunt           ,Noun           ,                   ,                           ,
la distancia       ,away           ,Noun           ,                   ,                           ,
el autor           ,author         ,Noun           ,                   ,                           ,
el bebé            ,baby           ,Noun           ,                   ,                           ,
la parte de atrás  ,back           ,Noun           ,body               ,                           ,
la parte de atrás  ,back           ,Noun           ,direction          ,                           ,
el malo            ,bad            ,Noun           ,                   ,"worse, worst"             ,
el bolso           ,bag            ,Noun           ,                   ,                           ,
la pelota          ,ball           ,Noun           ,                   ,                           ,
el plátano         ,banana         ,Noun           ,                   ,                           ,
la banda           ,band           ,Noun           ,music              ,                           ,
el Banco           ,bank           ,Noun           ,                   ,                           ,
el bar             ,bar            ,Noun           ,Location           ,                           ,
la base            ,base           ,Noun           ,                   ,                           ,
el murciélago      ,bat            ,Noun           ,                   ,                           ,
el cuarto de baño  ,bathroom       ,Noun           ,                   ,                           ,
la playa           ,beach          ,Noun           ,                   ,                           ,
El oso             ,bear           ,Noun           ,                   ,                           ,
la barba           ,beard          ,Noun           ,                   ,                           ,
la hermosa         ,beautiful      ,Noun           ,                   ,                           ,
la cama            ,bed            ,Noun           ,                   ,                           ,
el dormitorio      ,bedroom        ,Noun           ,                   ,                           ,
la abeja           ,bee            ,Noun           ,                   ,                           ,
la carne de vacuno ,beef           ,Noun           ,                   ,                           ,
la cerveza         ,beer           ,Noun           ,                   ,                           ,
antes de           ,before         ,Preposition    ,                   ,                           ,
detrás             ,behind         ,Preposition    ,                   ,                           ,
la campana         ,bell           ,Noun           ,                   ,                           ,
el vientre         ,belly          ,Noun           ,                   ,                           ,
la bebida          ,beverage       ,Noun           ,                   ,                           ,
la bicicleta       ,bicycle        ,Noun           ,                   ,                           ,
el grande/grande   ,big/large      ,Noun           ,                   ,                           ,
la factura         ,bill           ,Noun           ,                   ,                           ,
los mil millones   ,billion        ,Noun           ,                   ,                           ,
el pájaro          ,bird           ,Noun           ,                   ,                           ,
el cumpleaños      ,birthday       ,Noun           ,                   ,                           ,
el negro           ,black          ,Noun           ,                   ,                           ,
ciego              ,blind          ,Adjective      ,                   ,                           ,
el bloque          ,block          ,Noun           ,                   ,                           ,
la sangre          ,blood          ,Noun           ,                   ,                           ,
el golpe           ,blow           ,Noun           ,                   ,                           ,
azul               ,blue           ,Adjective      ,                   ,                           ,
el barco           ,boat           ,Noun           ,                   ,                           ,
el cuerpo          ,body           ,Noun           ,                   ,                           ,
el hueso           ,bone           ,Noun           ,                   ,                           ,
el libro           ,book           ,Noun           ,                   ,                           ,
la frontera        ,border         ,Noun           ,                   ,                           ,
la botella         ,bottle         ,Noun           ,                   ,                           ,
El fondo           ,bottom         ,Noun           ,                   ,                           ,
el cuenco          ,bowl           ,Noun           ,                   ,                           ,
la caja            ,box            ,Noun           ,                   ,                           ,
el chico           ,boy            ,Noun           ,                   ,                           ,
el novio           ,boyfriend      ,Noun           ,                   ,                           ,
el cerebro         ,brain          ,Noun           ,                   ,                           ,
el pan             ,bread          ,Noun           ,                   ,                           ,
el desayuno        ,breakfast      ,Noun           ,                   ,                           ,
el puente          ,bridge         ,Noun           ,                   ,                           ,
el hermano         ,brother        ,Noun           ,                   ,                           ,
el cafe            ,brown          ,Noun           ,                   ,                           ,
el edificio        ,building       ,Noun           ,                   ,                           ,
el autobús         ,bus            ,Noun           ,                   ,                           ,
pero               ,but            ,Conjunction    ,                   ,                           ,
el pastel          ,cake           ,Noun           ,                   ,                           ,
la Cámara          ,camera         ,Noun           ,                   ,                           ,
el campamento      ,camp           ,Noun           ,                   ,                           ,
pueden             ,can            ,Verb           ,                   ,                           ,
la vela            ,candle         ,Noun           ,                   ,                           ,
la tapa            ,cap            ,Noun           ,                   ,                           ,
el coche           ,car            ,Noun           ,                   ,                           ,
la tarjeta         ,card           ,Noun           ,                   ,                           ,
la carrera         ,career         ,Noun           ,                   ,                           ,
la zanahoria       ,carrot         ,Noun           ,                   ,                           ,
el gato            ,cat            ,Noun           ,                   ,                           ,
el techo           ,ceiling        ,Noun           ,                   ,                           ,
la célula          ,cell           ,Noun           ,                   ,                           ,
el centavo         ,cent           ,Noun           ,                   ,                           ,
el centro          ,center         ,Noun           ,                   ,                           ,
el siglo           ,century        ,Noun           ,                   ,                           ,
el centimetro      ,centimeter     ,Noun           ,                   ,                           ,
cierto             ,certain        ,Adjective      ,                   ,                           ,
la silla           ,chair          ,Noun           ,                   ,                           ,
el barato          ,cheap          ,Noun           ,                   ,                           ,
el queso           ,cheese         ,Noun           ,                   ,                           ,
el pollo           ,chicken        ,Noun           ,                   ,                           ,
el niño            ,child          ,Noun           ,                   ,                           ,
la barbilla        ,chin           ,Noun           ,                   ,                           ,
la Iglesia         ,church         ,Noun           ,                   ,                           ,
el círculo         ,circle         ,Noun           ,                   ,                           ,
la ciudad          ,city           ,Noun           ,                   ,                           ,
la arcilla         ,clay           ,Noun           ,                   ,                           ,
la clase           ,class          ,Noun           ,                   ,                           ,
limpio             ,clean          ,Adjective      ,                   ,                           ,
el reloj           ,clock          ,Noun           ,                   ,                           ,
cerca              ,close          ,Adverb         ,                   ,                           ,
el atuendo         ,clothing       ,Noun           ,                   ,clothes                    ,
el reloj           ,clock          ,Noun           ,                   ,                           ,
la ropa            ,cloth          ,Noun           ,                   ,                           ,
la nube            ,cloud          ,Noun           ,                   ,                           ,
el club            ,club           ,Noun           ,location           ,                           ,
el abrigo          ,coat           ,Noun           ,                   ,                           ,
el café            ,coffee         ,Noun           ,                   ,                           ,
el frío            ,cold           ,Noun           ,                   ,                           ,
el color           ,color          ,Noun           ,                   ,                           ,
el Comité          ,committee      ,Noun           ,                   ,                           ,
la empresa         ,company        ,Noun           ,                   ,                           ,
el ordenador       ,computer       ,Noun           ,                   ,                           ,
el complejo        ,complex        ,Noun           ,                   ,                           ,
la consonante      ,consonant      ,Noun           ,                   ,                           ,
la condición       ,condition      ,Noun           ,                   ,                           ,
el contrato        ,contract       ,Noun           ,                   ,                           ,
Frío               ,cool           ,Adjective      ,                   ,                           ,
el cobre           ,copper         ,Noun           ,                   ,                           ,
el maiz            ,corn           ,Noun           ,                   ,                           ,
la esquina         ,corner         ,Noun           ,                   ,                           ,
el país            ,country        ,Noun           ,(e.g. USA & Spain) ,                           ,
la cancha          ,court          ,Noun           ,                   ,                           ,
la cubierta        ,cover          ,Noun           ,                   ,                           ,
la vaca            ,cow            ,Noun           ,                   ,                           ,
la multitud        ,crowd          ,Noun           ,                   ,                           ,
la Copa            ,cup            ,Noun           ,                   ,                           ,
el curvo           ,curved         ,Noun           ,                   ,                           ,
lindo              ,cute           ,Adjective      ,                   ,                           ,
el padre           ,dad            ,Noun           ,                   ,Daddy                      ,
la oscuridad       ,dark           ,Noun           ,                   ,                           ,
la fecha           ,date           ,Noun           ,e.g. May 7         ,                           ,
la hija            ,daughter       ,Noun           ,                   ,                           ,
El dia             ,day            ,Noun           ,                   ,                           ,
los muertos        ,dead           ,Noun           ,                   ,                           ,
el sordo           ,deaf           ,Noun           ,                   ,                           ,
la muerte          ,death          ,Noun           ,                   ,                           ,
la profundidad     ,deep           ,Noun           ,                   ,                           ,
el diamante        ,diamond        ,Noun           ,                   ,                           ,
la cena            ,dinner         ,Noun           ,                   ,                           ,
la dirección       ,direction      ,Noun           ,                   ,                           ,
el sucio           ,dirty          ,Noun           ,                   ,                           ,
la enfermedad      ,disease        ,Noun           ,                   ,                           ,
el medico          ,doctor         ,Noun           ,                   ,                           ,
el perro           ,dog            ,Noun           ,                   ,                           ,
el dólar           ,dollar         ,Noun           ,                   ,                           ,
la puerta          ,door           ,Noun           ,                   ,                           ,
el punto           ,dot            ,Noun           ,                   ,                           ,
abajo              ,down           ,Preposition    ,                   ,                           ,
el sueño           ,dream          ,Noun           ,                   ,                           ,
el vestido         ,dress          ,Noun           ,                   ,                           ,
la droga           ,drug           ,Noun           ,                   ,                           ,
lo seco            ,dry            ,Noun           ,                   ,                           ,
el polvo           ,dust           ,Noun           ,                   ,                           ,
la oreja           ,ear            ,Noun           ,                   ,                           ,
el este            ,east           ,Noun           ,                   ,                           ,
el borde           ,edge           ,Noun           ,                   ,                           ,
el huevo           ,egg            ,Noun           ,                   ,                           ,
el ocho            ,eight          ,Noun           ,                   ,                           ,
los dieciocho      ,eighteen       ,Noun           ,                   ,                           ,
los ochenta        ,eighty         ,Noun           ,                   ,                           ,
o                  ,either         ,Adverb         ,                   ,                           ,
la elección        ,election       ,Noun           ,                   ,                           ,
la electronica     ,electronics    ,Noun           ,                   ,                           ,
los once           ,eleven         ,Noun           ,                   ,                           ,
la energía         ,energy         ,Noun           ,                   ,                           ,
el motor           ,engine         ,Noun           ,                   ,                           ,
la noche           ,evening        ,Noun           ,                   ,                           ,
el todo            ,everything     ,Noun           ,                   ,                           ,
la evidencia       ,evidence       ,Noun           ,                   ,                           ,
el ejercicio       ,exercise       ,Noun           ,                   ,                           ,
la cara            ,expensive      ,Noun           ,                   ,                           ,
el ojo             ,eye            ,Noun           ,                   ,                           ,
la cara            ,face           ,Noun           ,                   ,                           ,
la caída           ,fall           ,Noun           ,season             ,                           ,
la familia         ,family         ,Noun           ,                   ,                           ,
el famoso          ,famous         ,Noun           ,                   ,                           ,
el admirador       ,fan            ,Noun           ,electric           ,                           ,
el admirador       ,fan            ,Noun           ,sport              ,                           ,
lejos              ,far            ,Adverb         ,                   ,                           ,
la granja          ,farm           ,Noun           ,                   ,                           ,
el rápido          ,fast           ,Noun           ,                   ,                           ,
el padre           ,father         ,Noun           ,                   ,                           ,
la hembra          ,female         ,Noun           ,                   ,                           ,
los quince         ,fifteen        ,Noun           ,                   ,                           ,
el quinto          ,fifth          ,Noun           ,5th                ,                           ,
los cincuenta      ,fifty          ,Noun           ,                   ,                           ,
el dedo            ,finger         ,Noun           ,                   ,                           ,
el fuego           ,fire           ,Noun           ,                   ,                           ,
el primero         ,first          ,Noun           ,1st                ,                           ,
el pescado         ,fish           ,Noun           ,                   ,                           ,
el cinco           ,five           ,Noun           ,                   ,                           ,
plano              ,flat           ,Adjective      ,                   ,                           ,
el piso            ,floor          ,Noun           ,                   ,                           ,
la flor            ,flower         ,Noun           ,                   ,                           ,
la comida          ,food           ,Noun           ,                   ,                           ,
el pie             ,foot           ,Noun           ,body part          ,                           ,
el pie             ,foot           ,Noun           ,measurement        ,                           ,
el bosque          ,forest         ,Noun           ,                   ,                           ,
El tenedor         ,fork           ,Noun           ,                   ,                           ,
los cuarenta       ,forty          ,Noun           ,                   ,                           ,
El cuatro          ,four           ,Noun           ,                   ,                           ,
los catorce        ,fourteen       ,Noun           ,                   ,                           ,
el cuarto          ,fourth         ,Noun           ,4th                ,                           ,
el amigo           ,friend         ,Noun           ,                   ,                           ,
El frente          ,front          ,Noun           ,                   ,                           ,
el juego           ,game           ,Noun           ,                   ,                           ,
el jardín          ,garden         ,Noun           ,                   ,                           ,
la gasolina        ,gasoline       ,Noun           ,                   ,                           ,
el don             ,gift           ,Noun           ,                   ,                           ,
la mujer           ,girl           ,Noun           ,                   ,                           ,
la novia           ,girlfriend     ,Noun           ,                   ,                           ,
el cristal         ,glass          ,Noun           ,                   ,                           ,
el oro             ,gold           ,Noun           ,                   ,                           ,
el bueno           ,good           ,Noun           ,                   ,"better, best"             ,
el abuelo          ,grandfather    ,Noun           ,                   ,                           ,
la abuela          ,grandmother    ,Noun           ,                   ,                           ,
el césped          ,grass          ,Noun           ,                   ,                           ,
el gris            ,gray           ,Noun           ,                   ,                           ,
el verde           ,green          ,Noun           ,                   ,                           ,
el terreno         ,ground         ,Noun           ,                   ,                           ,
el arma            ,gun            ,Noun           ,                   ,                           ,
el pelo            ,hair           ,Noun           ,                   ,                           ,
la mitad           ,half           ,Noun           ,                   ,                           ,
la mano            ,hand           ,Noun           ,                   ,                           ,
el feliz           ,happy          ,Noun           ,                   ,                           ,
lo difícil         ,hard           ,Noun           ,                   ,                           ,
el sombrero        ,hat            ,Noun           ,                   ,                           ,
él                 ,he             ,Pronoun        ,                   ,"his, him, himself"        ,
la cabeza          ,head           ,Noun           ,                   ,                           ,
el saludable       ,healthy        ,Noun           ,                   ,                           ,
el oír             ,hear           ,Noun           ,a sound            ,                           ,
el corazón         ,heart          ,Noun           ,                   ,                           ,
el calor           ,heat           ,Noun           ,                   ,                           ,
el cielo           ,heaven         ,Noun           ,                   ,                           ,
la pesada          ,heavy          ,Noun           ,                   ,                           ,
el infierno        ,hell           ,Noun           ,                   ,                           ,
La altura          ,high           ,Noun           ,                   ,                           ,
la colina          ,hill           ,Noun           ,                   ,                           ,
el agujero         ,hole           ,Noun           ,                   ,                           ,
el caballo         ,horse          ,Noun           ,                   ,                           ,
el hospital        ,hospital       ,Noun           ,                   ,                           ,
el caliente        ,hot            ,Noun           ,                   ,                           ,
el hotel           ,hotel          ,Noun           ,                   ,                           ,
la hora            ,hour           ,Noun           ,                   ,                           ,
la casa            ,house          ,Noun           ,                   ,                           ,
el humano          ,human          ,Noun           ,                   ,                           ,
el cien            ,hundred        ,Noun           ,                   ,                           ,
el esposo          ,husband        ,Noun           ,                   ,                           ,
el hielo           ,ice            ,Noun           ,                   ,                           ,
la imagen          ,image          ,Noun           ,                   ,                           ,
la pulgada         ,inch           ,Noun           ,                   ,                           ,
la lesión          ,injury         ,Noun           ,                   ,                           ,
el interior        ,inside         ,Noun           ,                   ,                           ,
el instrumento     ,instrument     ,Noun           ,musical            ,                           ,
interesante        ,interesting    ,Adjective      ,                   ,                           ,
la isla            ,island         ,Noun           ,                   ,                           ,
la cosa            ,it             ,Noun           ,                   ,                           ,
el trabajo         ,job            ,Noun           ,                   ,                           ,
el juez            ,judge          ,Noun           ,Job                ,                           ,
el jugo            ,juice          ,Noun           ,                   ,                           ,
la clave           ,key            ,Noun           ,                   ,                           ,
el kilogramo       ,kilogram       ,Noun           ,                   ,                           ,
el rey             ,king           ,Noun           ,                   ,                           ,
La cocina          ,kitchen        ,Noun           ,                   ,                           ,
la rodilla         ,knee           ,Noun           ,                   ,                           ,
el cuchillo        ,knife          ,Noun           ,                   ,                           ,
El lago            ,lake           ,Noun           ,                   ,                           ,
la lámpara         ,lamp           ,Noun           ,                   ,                           ,
el portatil        ,laptop         ,Noun           ,                   ,                           ,
El abogado         ,lawyer         ,Noun           ,                   ,                           ,
la hoja            ,leaf           ,Noun           ,                   ,                           ,
la izquierda       ,left           ,Noun           ,direction          ,                           ,
la pierna          ,leg            ,Noun           ,                   ,                           ,
el limón           ,lemon          ,Noun           ,                   ,                           ,
la carta           ,letter         ,Noun           ,                   ,                           ,
la biblioteca      ,library        ,Noun           ,                   ,                           ,
la mentira         ,lie            ,Noun           ,                   ,                           ,
luz                ,light          ,Adjective      ,/dark              ,                           ,
luz                ,light          ,Adjective      ,/heavy             ,                           ,
la luz             ,light          ,Noun           ,                   ,                           ,
el labio           ,lip            ,Noun           ,                   ,                           ,
la lista           ,list           ,Noun           ,                   ,                           ,
La locación        ,location       ,Noun           ,                   ,                           ,
La cerradura       ,lock           ,Noun           ,                   ,                           ,
el largo           ,long           ,Noun           ,                   ,                           ,
el suelto          ,loose          ,Noun           ,                   ,                           ,
el ruidoso         ,loud           ,Noun           ,                   ,                           ,
lo bajo            ,low            ,Noun           ,                   ,                           ,
el almuerzo        ,lunch          ,Noun           ,                   ,                           ,
la revista         ,magazine       ,Noun           ,                   ,                           ,
El hombre          ,male           ,Noun           ,                   ,                           ,
el hombre          ,man            ,Noun           ,                   ,                           ,
el gerente         ,manager        ,Noun           ,                   ,                           ,
el mapa            ,map            ,Noun           ,                   ,                           ,
El mercado         ,market         ,Noun           ,                   ,                           ,
el matrimonio      ,marriage       ,Noun           ,                   ,                           ,
el material        ,material       ,Noun           ,                   ,                           ,
el significado     ,mean           ,Noun           ,/nice              ,                           ,
la medicina        ,medicine       ,Noun           ,                   ,                           ,
el desorden        ,mess           ,Noun           ,                   ,                           ,
el metal           ,metal          ,Noun           ,                   ,                           ,
el metro           ,meter          ,Noun           ,                   ,                           ,
La leche           ,milk           ,Noun           ,                   ,                           ,
el millón          ,million        ,Noun           ,                   ,                           ,
el minuto          ,minute         ,Noun           ,                   ,                           ,
la madre           ,mom            ,Noun           ,                   ,Mommy                      ,
el dinero          ,money          ,Noun           ,                   ,                           ,
el mes             ,month          ,Noun           ,                   ,                           ,
la luna            ,moon           ,Noun           ,                   ,                           ,
la mañana          ,morning        ,Noun           ,                   ,                           ,
La madre           ,mother         ,Noun           ,                   ,                           ,
la montaña         ,mountain       ,Noun           ,                   ,                           ,
el ratón           ,mouse          ,Noun           ,                   ,                           ,
la boca            ,mouth          ,Noun           ,                   ,                           ,
la película        ,movie          ,Noun           ,                   ,                           ,
el asesino         ,murder         ,Noun           ,                   ,                           ,
la música          ,music          ,Noun           ,                   ,                           ,
el estrecho        ,narrow         ,Noun           ,                   ,                           ,
la naturaleza      ,nature         ,Noun           ,                   ,                           ,
cerca              ,near           ,Adverb         ,                   ,                           ,
el cuello          ,neck           ,Noun           ,                   ,                           ,
la aguja           ,needle         ,Noun           ,                   ,                           ,
El vecino          ,neighbor       ,Noun           ,                   ,                           ,
ninguno de los dos ,neither        ,Adverb         ,                   ,                           ,
la red             ,network        ,Noun           ,                   ,                           ,
el nuevo           ,new            ,Noun           ,                   ,                           ,
el periódico       ,newspaper      ,Noun           ,                   ,                           ,
el bueno           ,nice           ,Noun           ,                   ,                           ,
la noche           ,night          ,Noun           ,                   ,                           ,
el nueve           ,nine           ,Noun           ,                   ,                           ,
los diecinueve     ,nineteen       ,Noun           ,                   ,                           ,
los noventa        ,ninety         ,Noun           ,                   ,                           ,
el no              ,no             ,Noun           ,                   ,                           ,
ni                 ,nor            ,Conjunction    ,                   ,                           ,
el norte           ,north          ,Noun           ,                   ,                           ,
la nariz           ,nose           ,Noun           ,                   ,                           ,
la nota            ,note           ,Noun           ,on paper           ,                           ,
La nada            ,nothing        ,Noun           ,                   ,                           ,
el nuclear         ,nuclear        ,Noun           ,                   ,                           ,
el número          ,number         ,Noun           ,                   ,                           ,
el océano          ,ocean          ,Noun           ,                   ,                           ,
la oficina         ,office         ,Noun           ,                   ,                           ,
el aceite          ,oil            ,Noun           ,                   ,                           ,
el viejo           ,old            ,Noun           ,/new               ,                           ,
el viejo           ,old            ,Noun           ,/young             ,                           ,
el único           ,one            ,Noun           ,                   ,                           ,
los cien           ,one hundred    ,Noun           ,                   ,                           ,
el millón          ,one million    ,Noun           ,                   ,                           ,
los mil            ,one thousand   ,Noun           ,                   ,                           ,
o                  ,or             ,Conjunction    ,                   ,                           ,
la naranja         ,orange         ,Noun           ,color              ,                           ,
la naranja         ,orange         ,Noun           ,food               ,                           ,
el exterior        ,outside        ,Noun           ,                   ,                           ,
la página          ,page           ,Noun           ,                   ,                           ,
el dolor           ,pain           ,Noun           ,                   ,                           ,
la pintura         ,paint          ,Noun           ,                   ,                           ,
los pantalones     ,pants          ,Noun           ,                   ,                           ,
el papel           ,paper          ,Noun           ,                   ,                           ,
el padre           ,parent         ,Noun           ,                   ,                           ,
el parque          ,park           ,Noun           ,location           ,                           ,
el paciente        ,patient        ,Noun           ,                   ,                           ,
el patrón          ,pattern        ,Noun           ,                   ,                           ,
la paz             ,peace          ,Noun           ,                   ,                           ,
el bolígrafo       ,pen            ,Noun           ,                   ,                           ,
el lápiz           ,pencil         ,Noun           ,                   ,                           ,
la persona         ,person         ,Noun           ,                   ,                           ,
el teléfono        ,phone          ,Noun           ,                   ,                           ,
la fotografía      ,photograph     ,Noun           ,                   ,                           ,
la pieza           ,piece          ,Noun           ,                   ,                           ,
el cerdo           ,pig            ,Noun           ,                   ,                           ,
el rosado          ,pink           ,Noun           ,                   ,                           ,
El plan            ,plan           ,Noun           ,                   ,                           ,
el avión           ,plane          ,Noun           ,                   ,                           ,
la planta          ,plant          ,Noun           ,                   ,                           ,
el plástico        ,plastic        ,Noun           ,                   ,                           ,
el plato           ,plate          ,Noun           ,                   ,                           ,
el jugador         ,player         ,Noun           ,                   ,                           ,
el bolsillo        ,pocket         ,Noun           ,                   ,                           ,
el veneno          ,poison         ,Noun           ,                   ,                           ,
la policía         ,police         ,Noun           ,                   ,                           ,
la piscina         ,pool           ,Noun           ,                   ,                           ,
los pobres         ,poor           ,Noun           ,                   ,                           ,
El puerco          ,pork           ,Noun           ,                   ,                           ,
posiblemente       ,possibly       ,Adverb         ,                   ,                           ,
la libra           ,pound          ,Noun           ,weight             ,                           ,
el presidente      ,president      ,Noun           ,                   ,                           ,
el precio          ,price          ,Noun           ,                   ,                           ,
el cura            ,priest         ,Noun           ,                   ,                           ,
La prisión         ,prison         ,Noun           ,                   ,                           ,
privado            ,private        ,Adjective      ,                   ,                           ,
el programa        ,program        ,Noun           ,computer           ,                           ,
público            ,public         ,Adjective      ,                   ,                           ,
la reina           ,queen          ,Noun           ,                   ,                           ,
la tranquilidad    ,quiet          ,Noun           ,                   ,                           ,
la raza            ,race           ,Noun           ,ethnicity          ,                           ,
la raza            ,race           ,Noun           ,sport              ,                           ,
la radio           ,radio          ,Noun           ,                   ,                           ,
la lluvia          ,rain           ,Noun           ,                   ,                           ,
el rojo            ,red            ,Noun           ,                   ,                           ,
la religion        ,religion       ,Noun           ,                   ,                           ,
el reportero       ,reporter       ,Noun           ,                   ,                           ,
el restaurante     ,restaurant     ,Noun           ,                   ,                           ,
el arroz           ,rice           ,Noun           ,                   ,                           ,
los ricos          ,rich           ,Noun           ,                   ,                           ,
la derecha         ,right          ,Noun           ,direction          ,                           ,
el anillo          ,ring           ,Noun           ,                   ,                           ,
el río             ,river          ,Noun           ,                   ,                           ,
el techo           ,roof           ,Noun           ,                   ,                           ,
el cuarto          ,room           ,Noun           ,in a house         ,                           ,
la raíz            ,root           ,Noun           ,                   ,                           ,
El triste          ,sad            ,Noun           ,                   ,                           ,
la sal             ,salt           ,Noun           ,                   ,                           ,
la arena           ,sand           ,Noun           ,                   ,                           ,
la escuela         ,school         ,Noun           ,                   ,                           ,
la ciencia         ,science        ,Noun           ,                   ,                           ,
la pantalla        ,screen         ,Noun           ,                   ,                           ,
el mar             ,sea            ,Noun           ,                   ,                           ,
la temporada       ,season         ,Noun           ,                   ,                           ,
el segundo         ,second         ,Noun           ,2nd                ,                           ,
el segundo         ,second         ,Noun           ,time               ,                           ,
la secretaria      ,secretary      ,Noun           ,                   ,                           ,
la semilla         ,seed           ,Noun           ,                   ,                           ,
el siete           ,seven          ,Noun           ,                   ,                           ,
los diecisiete     ,seventeen      ,Noun           ,                   ,                           ,
los setenta        ,seventy        ,Noun           ,                   ,                           ,
el sexo            ,sex            ,Noun           ,act                ,                           ,
el sexo            ,sex            ,Noun           ,gender             ,                           ,
el superficial     ,shallow        ,Noun           ,                   ,                           ,
el ella            ,she            ,Noun           ,                   ,"her, hers, herself"       ,
el barco           ,ship           ,Noun           ,                   ,                           ,
la camisa          ,shirt          ,Noun           ,                   ,                           ,
los zapatos        ,shoes          ,Noun           ,                   ,                           ,
corto              ,short          ,Adjective      ,long               ,                           ,
corto              ,short          ,Adjective      ,vs. tall           ,                           ,
el hombro          ,shoulder       ,Noun           ,                   ,                           ,
los enfermos       ,sick           ,Noun           ,                   ,                           ,
el lado            ,side           ,Noun           ,                   ,                           ,
la señal           ,sign           ,Noun           ,                   ,                           ,
la Plata           ,silver         ,Noun           ,                   ,                           ,
la hermana         ,sister         ,Noun           ,                   ,                           ,
el seis            ,six            ,Noun           ,                   ,                           ,
los dieciséis      ,sixteen        ,Noun           ,                   ,                           ,
los sesenta        ,sixty          ,Noun           ,                   ,                           ,
la piel            ,skin           ,Noun           ,                   ,                           ,
la falda           ,skirt          ,Noun           ,                   ,                           ,
el cielo           ,sky            ,Noun           ,                   ,                           ,
el lento           ,slow           ,Noun           ,                   ,                           ,
el pequeño/pequeño ,small/little   ,Noun           ,                   ,                           ,
la nieve           ,snow           ,Noun           ,                   ,                           ,
el jabon           ,soap           ,Noun           ,                   ,                           ,
lo suave           ,soft           ,Noun           ,                   ,                           ,
el suelo/la tierra ,soil/earth     ,Noun           ,                   ,                           ,
el soldado         ,soldier        ,Noun           ,                   ,                           ,
el hijo            ,son            ,Noun           ,                   ,                           ,
la canción         ,song           ,Noun           ,                   ,                           ,
El sonido          ,sound          ,Noun           ,                   ,                           ,
la sopa            ,soup           ,Noun           ,                   ,                           ,
el sur             ,south          ,Noun           ,                   ,                           ,
el espacio         ,space          ,Noun           ,outer space        ,                           ,
la cuchara         ,spoon          ,Noun           ,                   ,                           ,
el deporte         ,sport          ,Noun           ,                   ,                           ,
la primavera       ,spring         ,Noun           ,season             ,                           ,
la plaza           ,square         ,Noun           ,                   ,                           ,
la Mancha          ,stain          ,Noun           ,                   ,                           ,
la estrella        ,star           ,Noun           ,                   ,                           ,
la estación        ,station        ,Noun           ,                   ,                           ,
la piedra          ,stone          ,Noun           ,                   ,                           ,
la tienda / tienda ,store/shop     ,Noun           ,                   ,                           ,
la recta           ,straight       ,Noun           ,                   ,                           ,
la calle/carretera ,street/road    ,Noun           ,                   ,                           ,
El fuerte          ,strong         ,Noun           ,                   ,                           ,
el estudiante      ,student        ,Noun           ,                   ,                           ,
el azúcar          ,sugar          ,Noun           ,                   ,                           ,
El traje           ,suit           ,Noun           ,                   ,                           ,
el verano          ,summer         ,Noun           ,                   ,                           ,
el sol             ,sun            ,Noun           ,                   ,                           ,
el sudor           ,sweat          ,Noun           ,                   ,                           ,
la mesa            ,table          ,Noun           ,                   ,                           ,
El alto            ,tall           ,Noun           ,                   ,                           ,
el té              ,tea            ,Noun           ,                   ,                           ,
el maestro         ,teacher        ,Noun           ,                   ,                           ,
el equipo          ,team           ,Noun           ,                   ,                           ,
la lagrima         ,tear           ,Noun           ,drop               ,                           ,
La tecnología      ,technology     ,Noun           ,                   ,                           ,
el telefono_       ,telephone_     ,Noun           ,                   ,                           ,
la televisión      ,television     ,Noun           ,                   ,                           ,
la temperatura     ,temperature    ,Noun           ,                   ,                           ,
los diez           ,ten            ,Noun           ,                   ,                           ,
los diez mil       ,ten thousand   ,Noun           ,                   ,                           ,
el teatro          ,theater        ,Noun           ,                   ,                           ,
ellos              ,they           ,Pronoun        ,                   ,"them, their, theirs"      ,
el grosor          ,thick          ,Noun           ,                   ,                           ,
el delgado         ,thin           ,Noun           ,                   ,                           ,
El tercero         ,third          ,Noun           ,3rd                ,                           ,
los trece          ,thirteen       ,Noun           ,                   ,                           ,
los treinta        ,thirty         ,Noun           ,                   ,                           ,
los mil            ,thousand       ,Noun           ,                   ,                           ,
el tres            ,three          ,Noun           ,                   ,                           ,
La entrada         ,ticket         ,Noun           ,train              ,                           ,
el apretado        ,tight          ,Noun           ,                   ,                           ,
el tiempo          ,time           ,Noun           ,                   ,                           ,
el neumático       ,tire           ,Noun           ,of a car           ,                           ,
ser - estar        ,to be          ,Verb           ,                   ,                           ,
vencer             ,to beat        ,Verb           ,                   ,                           ,
empezar            ,to begin       ,Verb           ,                   ,                           ,
para doblar        ,to bend        ,Verb           ,                   ,                           ,
romper             ,to break       ,Verb           ,                   ,                           ,
hervir             ,to boil        ,Verb           ,                   ,                           ,
para construir     ,to build       ,Verb           ,                   ,                           ,
para quemar        ,to burn        ,Verb           ,                   ,                           ,
comprar            ,to buy         ,Verb           ,                   ,                           ,
llamar             ,to call        ,Verb           ,                   ,                           ,
llevar             ,to carry       ,Verb           ,                   ,                           ,
cancelar           ,to cancel      ,Verb           ,                   ,                           ,
importar           ,to care        ,Verb           ,                   ,                           ,
atrapar            ,to catch       ,Verb           ,                   ,                           ,
causar             ,to cause       ,Verb           ,                   ,                           ,
limpiar            ,to clean       ,Verb           ,                   ,                           ,
cerrar             ,to close       ,Verb           ,                   ,                           ,
venir              ,to come        ,Verb           ,                   ,                           ,
comparar           ,to compare     ,Verb           ,                   ,                           ,
competir           ,to compete     ,Verb           ,                   ,                           ,
para conectar      ,to connect     ,Verb           ,                   ,                           ,
cocinar            ,to cook        ,Verb           ,                   ,                           ,
para contar        ,to count       ,Verb           ,                   ,                           ,
llorar             ,to cry         ,Verb           ,                   ,                           ,
cortar             ,to cut         ,Verb           ,                   ,                           ,
bailar             ,to dance       ,Verb           ,                   ,                           ,
para merecer       ,to deserve     ,Verb           ,                   ,                           ,
morir              ,to die         ,Verb           ,                   ,                           ,
cavar              ,to dig         ,Verb           ,                   ,                           ,
que hacer          ,to do          ,Verb           ,                   ,                           ,
a abajo            ,to down        ,Verb           ,                   ,                           ,
dibujar            ,to draw        ,Verb           ,                   ,                           ,
vestir             ,to dress       ,Verb           ,                   ,                           ,
beber              ,to drink       ,Verb           ,                   ,                           ,
conducir           ,to drive       ,Verb           ,                   ,                           ,
comer              ,to eat         ,Verb           ,                   ,                           ,
disfrutar          ,to enjoy       ,Verb           ,                   ,                           ,
explotar           ,to explode     ,Verb           ,                   ,                           ,
caer               ,to fall        ,Verb           ,                   ,                           ,
alimentar          ,to feed        ,Verb           ,                   ,                           ,
luchar             ,to fight       ,Verb           ,                   ,                           ,
encontrar          ,to find        ,Verb           ,                   ,                           ,
para terminar      ,to finish      ,Verb           ,                   ,                           ,
arreglar           ,to fix         ,Verb           ,                   ,                           ,
para volar         ,to fly         ,Verb           ,                   ,                           ,
seguir             ,to follow      ,Verb           ,                   ,                           ,
dar                ,to give        ,Verb           ,                   ,                           ,
para llevar        ,to go          ,Verb           ,                   ,                           ,
crecer             ,to grow        ,Verb           ,                   ,                           ,
colgar             ,to hang        ,Verb           ,                   ,                           ,
tener              ,to have        ,Verb           ,                   ,                           ,
ayudar             ,to help        ,Verb           ,                   ,                           ,
sostener           ,to hold        ,Verb           ,                   ,                           ,
saltar             ,to jump        ,Verb           ,                   ,                           ,
mantener           ,to keep        ,Verb           ,                   ,                           ,
matar              ,to kill        ,Verb           ,                   ,                           ,
besar              ,to kiss        ,Verb           ,                   ,                           ,
reír               ,to laugh       ,Verb           ,                   ,                           ,
aprender           ,to learn       ,Verb           ,                   ,                           ,
levantar           ,to lift        ,Verb           ,                   ,                           ,
escuchar           ,to listen      ,Verb           ,to music           ,                           ,
perder             ,to lose        ,Verb           ,                   ,                           ,
amar               ,to love        ,Verb           ,                   ,                           ,
casarse            ,to marry       ,Verb           ,                   ,                           ,
reunirse           ,to meet        ,Verb           ,                   ,                           ,
para fundir        ,to melt        ,Verb           ,                   ,                           ,
mencionar          ,to mention     ,Verb           ,                   ,                           ,
mezclar/revolver   ,to mix/stir    ,Verb           ,                   ,                           ,
abrir              ,to open        ,Verb           ,                   ,                           ,
pasar              ,to pass        ,Verb           ,                   ,                           ,
pagar              ,to pay         ,Verb           ,                   ,                           ,
jugar              ,to play        ,Verb           ,                   ,                           ,
a orar             ,to pray        ,Verb           ,                   ,                           ,
tirar              ,to pull        ,Verb           ,                   ,                           ,
para empujar       ,to push        ,Verb           ,                   ,                           ,
poner              ,to put         ,Verb           ,                   ,                           ,
al respecto        ,to respect     ,Verb           ,                   ,                           ,
correr             ,to run         ,Verb           ,                   ,                           ,
para ver           ,to see         ,Verb           ,a bird             ,                           ,
vender             ,to sell        ,Verb           ,                   ,                           ,
agitar             ,to shake       ,Verb           ,                   ,                           ,
el disparar        ,to shoot       ,Noun           ,a gun              ,                           ,
para firmar        ,to sign        ,Verb           ,                   ,                           ,
cantar             ,to sing        ,Verb           ,                   ,                           ,
sentarse           ,to sit         ,Verb           ,                   ,                           ,
dormir             ,to sleep       ,Verb           ,                   ,                           ,
oler               ,to smell       ,Verb           ,                   ,                           ,
sonreír            ,to smile       ,Verb           ,                   ,                           ,
hablar/decir       ,to speak/say   ,Verb           ,                   ,                           ,
gastar             ,to spend       ,Verb           ,                   ,                           ,
estar de pie       ,to stand       ,Verb           ,                   ,                           ,
quedarse           ,to stay        ,Verb           ,                   ,                           ,
para detener       ,to stop        ,Verb           ,                   ,                           ,
sorprender         ,to surprise    ,Verb           ,                   ,                           ,
nadar              ,to swim        ,Verb           ,                   ,                           ,
tomar              ,to take        ,Verb           ,                   ,                           ,
probar             ,to taste       ,Verb           ,                   ,                           ,
enseñar            ,to teach       ,Verb           ,                   ,                           ,
pensar             ,to think       ,Verb           ,                   ,                           ,
tirar              ,to throw       ,Verb           ,                   ,                           ,
tocar              ,to touch       ,Verb           ,                   ,                           ,
girar              ,to turn        ,Verb           ,                   ,                           ,
Para arriba        ,to up          ,Verb           ,                   ,                           ,
caminar            ,to walk        ,Verb           ,                   ,                           ,
para lavar         ,to wash        ,Verb           ,                   ,                           ,
ver                ,to watch       ,Verb           ,(TV)               ,                           ,
usar               ,to wear        ,Verb           ,                   ,                           ,
usar               ,to wear        ,Verb           ,                   ,                           ,
ganar              ,to win         ,Verb           ,                   ,                           ,
trabajar           ,to work        ,Verb           ,                   ,                           ,
escribir           ,to write       ,Verb           ,                   ,                           ,
el dedo del pié    ,toe            ,Noun           ,                   ,                           ,
la lengua          ,tongue         ,Noun           ,                   ,                           ,
la herramienta     ,tool           ,Noun           ,                   ,                           ,
el diente          ,tooth          ,Noun           ,                   ,                           ,
la parte superior  ,top            ,Noun           ,                   ,                           ,
la ciudad          ,town           ,Noun           ,                   ,                           ,
el tren            ,train          ,Noun           ,                   ,                           ,
el transporte      ,transportation ,Noun           ,                   ,                           ,
el árbol           ,tree           ,Noun           ,                   ,                           ,
el camión          ,truck          ,Noun           ,                   ,                           ,
El doce            ,twelve         ,Noun           ,                   ,                           ,
los veinte         ,twenty         ,Noun           ,                   ,                           ,
el veintiuno       ,twenty one     ,Noun           ,                   ,                           ,
los dos            ,two            ,Noun           ,                   ,                           ,
los doscientos     ,two hundred    ,Noun           ,                   ,                           ,
el feo             ,ugly           ,Noun           ,                   ,                           ,
el tío             ,uncle          ,Noun           ,                   ,                           ,
la Universidad     ,university     ,Noun           ,                   ,                           ,
el arriba          ,up             ,Noun           ,                   ,                           ,
el valle           ,valley         ,Noun           ,                   ,                           ,
el verbo           ,verb           ,Noun           ,                   ,                           ,
la víctima         ,victim         ,Noun           ,                   ,                           ,
la voz             ,voice          ,Noun           ,                   ,                           ,
la vocal           ,vowel          ,Noun           ,                   ,                           ,
El camarero        ,waiter         ,Noun           ,                   ,                           ,
la estela          ,wake           ,Noun           ,                   ,                           ,
la pared           ,wall           ,Noun           ,                   ,                           ,
la guerra          ,war            ,Noun           ,                   ,                           ,
cálido             ,warm           ,Adjective      ,                   ,                           ,
el agua            ,water          ,Noun           ,                   ,                           ,
la ola             ,wave           ,Noun           ,ocean              ,                           ,
nosotros           ,we             ,Pronoun        ,                   ,"us, our, ours, ourselves" ,
el débil           ,weak           ,Noun           ,                   ,                           ,
la boda            ,wedding        ,Noun           ,                   ,                           ,
la semana          ,week           ,Noun           ,                   ,                           ,
la semana          ,week           ,Noun           ,                   ,                           ,
el fin de semana   ,weekend        ,Noun           ,                   ,                           ,
pesar              ,weigh          ,Verb           ,                   ,                           ,
el peso            ,weight         ,Noun           ,                   ,                           ,
el peso            ,weight         ,Noun           ,                   ,                           ,
el pozo            ,well           ,Noun           ,                   ,                           ,
el oeste           ,west           ,Noun           ,                   ,                           ,
el oeste           ,west           ,Noun           ,                   ,                           ,
el oeste           ,western        ,Noun           ,                   ,                           ,
el mojado          ,wet            ,Noun           ,adj.               ,                           ,
el qué             ,what           ,Noun           ,                   ,                           ,
el cuando          ,when           ,Noun           ,                   ,                           ,
el donde           ,where          ,Noun           ,                   ,                           ,
ya sea             ,whether        ,Adverb         ,                   ,                           ,
el cual            ,which          ,Noun           ,                   ,                           ,
el tiempo          ,while          ,Noun           ,                   ,                           ,
el blanco          ,white          ,Noun           ,                   ,                           ,
el blanco          ,white          ,Noun           ,                   ,                           ,
La OMS             ,who            ,Noun           ,                   ,                           ,
El conjunto        ,whole          ,Noun           ,                   ,                           ,
el porque          ,why            ,Noun           ,                   ,                           ,
la amplia          ,wide           ,Noun           ,                   ,                           ,
la amplia          ,wide           ,Noun           ,                   ,                           ,
La esposa          ,wife           ,Noun           ,                   ,                           ,
La esposa          ,wife           ,Noun           ,                   ,                           ,
lo salvaje         ,wild           ,Noun           ,                   ,                           ,
la voluntad        ,will           ,Noun           ,                   ,                           ,
el ganador         ,win            ,Noun           ,                   ,                           ,
el viento          ,wind           ,Noun           ,                   ,                           ,
el viento          ,wind           ,Noun           ,                   ,                           ,
la ventana         ,window         ,Noun           ,                   ,                           ,
la ventana         ,window         ,Noun           ,                   ,                           ,
el vino            ,wine           ,Noun           ,                   ,                           ,
el vino            ,wine           ,Noun           ,                   ,                           ,
el ala             ,wing           ,Noun           ,                   ,                           ,
el ala             ,wing           ,Noun           ,                   ,                           ,
el ganador         ,winner         ,Noun           ,                   ,                           ,
el invierno        ,winter         ,Noun           ,                   ,                           ,
el invierno        ,winter         ,Noun           ,                   ,                           ,
el alambre         ,wire           ,Noun           ,                   ,                           ,
la mujer           ,woman          ,Noun           ,                   ,                           ,
la madera          ,wood           ,Noun           ,                   ,                           ,
el mundo           ,world          ,Noun           ,                   ,                           ,
el patio           ,yard           ,Noun           ,                   ,                           ,
el año             ,year           ,Noun           ,                   ,                           ,
el amarillo        ,yellow         ,Noun           ,                   ,                           ,
El sí              ,yes            ,Noun           ,                   ,                           ,
tú                 ,you            ,Pronoun        ,singular/plural    ,"your, yours, yourself"    ,
el joven           ,young          ,Noun           ,                   ,                           ,
el cero            ,zero           ,Noun           ,                   ,                           ,
