it                  ,en             ,Part of Speech ,Notes              ,Related                    ,
l'aprile            ,April          ,Noun           ,                   ,                           ,
l'agosto            ,August         ,Noun           ,                   ,                           ,
il dicembre         ,December       ,Noun           ,                   ,                           ,
il febbraio         ,February       ,Noun           ,                   ,                           ,
il venerdì          ,Friday         ,Noun           ,                   ,                           ,
io                  ,I              ,Pronoun        ,                   ,"me, my, mine, myself"     ,
il gennaio          ,January        ,Noun           ,                   ,                           ,
il luglio           ,July           ,Noun           ,                   ,                           ,
il giugno           ,June           ,Noun           ,                   ,                           ,
la marcia           ,March          ,Noun           ,                   ,                           ,
il maggio           ,May            ,Noun           ,                   ,                           ,
il lunedì           ,Monday         ,Noun           ,                   ,                           ,
il novembre         ,November       ,Noun           ,                   ,                           ,
l'ottobre           ,October        ,Noun           ,                   ,                           ,
il sabato           ,Saturday       ,Noun           ,                   ,                           ,
il settembre        ,September      ,Noun           ,                   ,                           ,
la domenica         ,Sunday         ,Noun           ,                   ,                           ,
il giovedì          ,Thursday       ,Noun           ,                   ,                           ,
il martedì          ,Tuesday        ,Noun           ,                   ,                           ,
il mercoledì        ,Wednesday      ,Noun           ,                   ,                           ,
la terra            ,earth          ,Noun           ,                   ,                           ,
il Dio              ,god            ,Noun           ,                   ,                           ,
la maglietta        ,t-shirt        ,Noun           ,                   ,                           ,
l'attore            ,actor          ,Noun           ,                   ,                           ,
l'aggettivo         ,adjective      ,Noun           ,                   ,                           ,
l'adulto            ,adult          ,Noun           ,                   ,                           ,
il pomeriggio       ,afternoon      ,Noun           ,                   ,                           ,
l'aria              ,air            ,Noun           ,                   ,                           ,
l'aeroporto         ,airport        ,Noun           ,                   ,                           ,
il vivo             ,alive          ,Noun           ,                   ,                           ,
e                   ,and            ,Conjunction    ,                   ,                           ,
l'animale           ,animal         ,Noun           ,                   ,                           ,
la risposta         ,answer         ,Noun           ,                   ,                           ,
il nulla            ,anything       ,Noun           ,                   ,                           ,
a parte             ,apart          ,Adverb         ,                   ,                           ,
l'appartamento      ,apartment      ,Noun           ,                   ,                           ,
la mela             ,apple          ,Noun           ,                   ,                           ,
il braccio          ,arm            ,Noun           ,                   ,                           ,
l'esercito          ,army           ,Noun           ,                   ,                           ,
l'intorno           ,around         ,Noun           ,                   ,                           ,
l'arte              ,art            ,Noun           ,                   ,                           ,
l'artista           ,artist         ,Noun           ,                   ,                           ,
come                ,as             ,Conjunction    ,                   ,                           ,
a                   ,at             ,Conjunction    ,                   ,.                          
l'attacco           ,attack         ,Noun           ,                   ,                           ,
l'attenzione        ,attention      ,Noun           ,                   ,                           ,
la zia              ,aunt           ,Noun           ,                   ,                           ,
la via              ,away           ,Noun           ,                   ,                           ,
l'autore            ,author         ,Noun           ,                   ,                           ,
il bambino          ,baby           ,Noun           ,                   ,                           ,
il retro            ,back           ,Noun           ,body               ,                           ,
il retro            ,back           ,Noun           ,direction          ,                           ,
il cattivo          ,bad            ,Noun           ,                   ,"worse, worst"             ,
la borsa            ,bag            ,Noun           ,                   ,                           ,
la palla            ,ball           ,Noun           ,                   ,                           ,
la banana           ,banana         ,Noun           ,                   ,                           ,
la banda            ,band           ,Noun           ,music              ,                           ,
la Banca            ,bank           ,Noun           ,                   ,                           ,
il bar              ,bar            ,Noun           ,Location           ,                           ,
la base             ,base           ,Noun           ,                   ,                           ,
il pipistrello      ,bat            ,Noun           ,                   ,                           ,
il bagno            ,bathroom       ,Noun           ,                   ,                           ,
la spiaggia         ,beach          ,Noun           ,                   ,                           ,
l'orso              ,bear           ,Noun           ,                   ,                           ,
la barba            ,beard          ,Noun           ,                   ,                           ,
la bella            ,beautiful      ,Noun           ,                   ,                           ,
il letto            ,bed            ,Noun           ,                   ,                           ,
la Camera da letto  ,bedroom        ,Noun           ,                   ,                           ,
l'ape               ,bee            ,Noun           ,                   ,                           ,
la carne bovina     ,beef           ,Noun           ,                   ,                           ,
la birra            ,beer           ,Noun           ,                   ,                           ,
prima               ,before         ,Preposition    ,                   ,                           ,
dietro              ,behind         ,Preposition    ,                   ,                           ,
la campana          ,bell           ,Noun           ,                   ,                           ,
la pancia           ,belly          ,Noun           ,                   ,                           ,
la bevanda          ,beverage       ,Noun           ,                   ,                           ,
la bicicletta       ,bicycle        ,Noun           ,                   ,                           ,
il grande/grande    ,big/large      ,Noun           ,                   ,                           ,
il conto            ,bill           ,Noun           ,                   ,                           ,
il miliardo         ,billion        ,Noun           ,                   ,                           ,
l'uccello           ,bird           ,Noun           ,                   ,                           ,
il compleanno       ,birthday       ,Noun           ,                   ,                           ,
il nero             ,black          ,Noun           ,                   ,                           ,
cieco               ,blind          ,Adjective      ,                   ,                           ,
il blocco           ,block          ,Noun           ,                   ,                           ,
il sangue           ,blood          ,Noun           ,                   ,                           ,
il soffio           ,blow           ,Noun           ,                   ,                           ,
blu                 ,blue           ,Adjective      ,                   ,                           ,
la barca            ,boat           ,Noun           ,                   ,                           ,
il corpo            ,body           ,Noun           ,                   ,                           ,
l'osso              ,bone           ,Noun           ,                   ,                           ,
il libro            ,book           ,Noun           ,                   ,                           ,
il confine          ,border         ,Noun           ,                   ,                           ,
la bottiglia        ,bottle         ,Noun           ,                   ,                           ,
il fondo            ,bottom         ,Noun           ,                   ,                           ,
la ciotola          ,bowl           ,Noun           ,                   ,                           ,
la scatola          ,box            ,Noun           ,                   ,                           ,
il ragazzo          ,boy            ,Noun           ,                   ,                           ,
il fidanzato        ,boyfriend      ,Noun           ,                   ,                           ,
il cervello         ,brain          ,Noun           ,                   ,                           ,
il pane             ,bread          ,Noun           ,                   ,                           ,
la colazione        ,breakfast      ,Noun           ,                   ,                           ,
il ponte            ,bridge         ,Noun           ,                   ,                           ,
il fratello         ,brother        ,Noun           ,                   ,                           ,
il marrone          ,brown          ,Noun           ,                   ,                           ,
l'edificio          ,building       ,Noun           ,                   ,                           ,
il bus              ,bus            ,Noun           ,                   ,                           ,
ma                  ,but            ,Conjunction    ,                   ,                           ,
la torta            ,cake           ,Noun           ,                   ,                           ,
la fotocamera       ,camera         ,Noun           ,                   ,                           ,
il campo            ,camp           ,Noun           ,                   ,                           ,
Potere              ,can            ,Verb           ,                   ,                           ,
la candela          ,candle         ,Noun           ,                   ,                           ,
il cappello         ,cap            ,Noun           ,                   ,                           ,
la macchina         ,car            ,Noun           ,                   ,                           ,
la carta            ,card           ,Noun           ,                   ,                           ,
la carriera         ,career         ,Noun           ,                   ,                           ,
la carota           ,carrot         ,Noun           ,                   ,                           ,
il gatto            ,cat            ,Noun           ,                   ,                           ,
il soffitto         ,ceiling        ,Noun           ,                   ,                           ,
la cellula          ,cell           ,Noun           ,                   ,                           ,
il centesimo        ,cent           ,Noun           ,                   ,                           ,
il centro           ,center         ,Noun           ,                   ,                           ,
il secolo           ,century        ,Noun           ,                   ,                           ,
il centimetro       ,centimeter     ,Noun           ,                   ,                           ,
certo               ,certain        ,Adjective      ,                   ,                           ,
la sedia            ,chair          ,Noun           ,                   ,                           ,
il economico        ,cheap          ,Noun           ,                   ,                           ,
il formaggio        ,cheese         ,Noun           ,                   ,                           ,
il pollo            ,chicken        ,Noun           ,                   ,                           ,
il bambino          ,child          ,Noun           ,                   ,                           ,
il mento            ,chin           ,Noun           ,                   ,                           ,
la Chiesa           ,church         ,Noun           ,                   ,                           ,
il cerchio          ,circle         ,Noun           ,                   ,                           ,
la città            ,city           ,Noun           ,                   ,                           ,
l'argilla           ,clay           ,Noun           ,                   ,                           ,
la classe           ,class          ,Noun           ,                   ,                           ,
pulire              ,clean          ,Adjective      ,                   ,                           ,
l'orologio          ,clock          ,Noun           ,                   ,                           ,
chiudere            ,close          ,Adverb         ,                   ,                           ,
l'abbigliamento     ,clothing       ,Noun           ,                   ,clothes                    ,
l'orologio          ,clock          ,Noun           ,                   ,                           ,
il panno            ,cloth          ,Noun           ,                   ,                           ,
la nuvola           ,cloud          ,Noun           ,                   ,                           ,
il club             ,club           ,Noun           ,location           ,                           ,
il cappotto         ,coat           ,Noun           ,                   ,                           ,
il caffè            ,coffee         ,Noun           ,                   ,                           ,
il freddo           ,cold           ,Noun           ,                   ,                           ,
il colore           ,color          ,Noun           ,                   ,                           ,
il Comitato         ,committee      ,Noun           ,                   ,                           ,
l'azienda           ,company        ,Noun           ,                   ,                           ,
il computer         ,computer       ,Noun           ,                   ,                           ,
il complesso        ,complex        ,Noun           ,                   ,                           ,
la consonante       ,consonant      ,Noun           ,                   ,                           ,
la condizione       ,condition      ,Noun           ,                   ,                           ,
il contratto        ,contract       ,Noun           ,                   ,                           ,
freddo              ,cool           ,Adjective      ,                   ,                           ,
il rame             ,copper         ,Noun           ,                   ,                           ,
il Corno            ,corn           ,Noun           ,                   ,                           ,
l'angolo            ,corner         ,Noun           ,                   ,                           ,
Paese               ,country        ,Noun           ,(e.g. USA & Spain) ,                           ,
la Corte            ,court          ,Noun           ,                   ,                           ,
la copertina        ,cover          ,Noun           ,                   ,                           ,
la mucca            ,cow            ,Noun           ,                   ,                           ,
la folla            ,crowd          ,Noun           ,                   ,                           ,
La tazza            ,cup            ,Noun           ,                   ,                           ,
il curvo            ,curved         ,Noun           ,                   ,                           ,
carino              ,cute           ,Adjective      ,                   ,                           ,
il papà             ,dad            ,Noun           ,                   ,Daddy                      ,
il buio             ,dark           ,Noun           ,                   ,                           ,
l'appuntamento      ,date           ,Noun           ,e.g. May 7         ,                           ,
la figlia           ,daughter       ,Noun           ,                   ,                           ,
il giorno           ,day            ,Noun           ,                   ,                           ,
la morte            ,dead           ,Noun           ,                   ,                           ,
il sordo            ,deaf           ,Noun           ,                   ,                           ,
la morte            ,death          ,Noun           ,                   ,                           ,
Il profondo         ,deep           ,Noun           ,                   ,                           ,
il diamante         ,diamond        ,Noun           ,                   ,                           ,
la cena             ,dinner         ,Noun           ,                   ,                           ,
la direzione        ,direction      ,Noun           ,                   ,                           ,
lo sporco           ,dirty          ,Noun           ,                   ,                           ,
la malattia         ,disease        ,Noun           ,                   ,                           ,
il dottore          ,doctor         ,Noun           ,                   ,                           ,
il cane             ,dog            ,Noun           ,                   ,                           ,
il dollaro          ,dollar         ,Noun           ,                   ,                           ,
la porta            ,door           ,Noun           ,                   ,                           ,
il punto            ,dot            ,Noun           ,                   ,                           ,
fuori uso           ,down           ,Preposition    ,                   ,                           ,
il sogno            ,dream          ,Noun           ,                   ,                           ,
il vestito          ,dress          ,Noun           ,                   ,                           ,
la droga            ,drug           ,Noun           ,                   ,                           ,
l'asciutto          ,dry            ,Noun           ,                   ,                           ,
la polvere          ,dust           ,Noun           ,                   ,                           ,
l'orecchio          ,ear            ,Noun           ,                   ,                           ,
l'Est               ,east           ,Noun           ,                   ,                           ,
il bordo            ,edge           ,Noun           ,                   ,                           ,
l'uovo              ,egg            ,Noun           ,                   ,                           ,
gli otto            ,eight          ,Noun           ,                   ,                           ,
i diciotto          ,eighteen       ,Noun           ,                   ,                           ,
gli ottanta         ,eighty         ,Noun           ,                   ,                           ,
o                   ,either         ,Adverb         ,                   ,                           ,
l'elezione          ,election       ,Noun           ,                   ,                           ,
l'elettronica       ,electronics    ,Noun           ,                   ,                           ,
le undici           ,eleven         ,Noun           ,                   ,                           ,
l'energia           ,energy         ,Noun           ,                   ,                           ,
il motore           ,engine         ,Noun           ,                   ,                           ,
la sera             ,evening        ,Noun           ,                   ,                           ,
il tutto            ,everything     ,Noun           ,                   ,                           ,
la prova            ,evidence       ,Noun           ,                   ,                           ,
l'esercizio         ,exercise       ,Noun           ,                   ,                           ,
il costoso          ,expensive      ,Noun           ,                   ,                           ,
l'occhio            ,eye            ,Noun           ,                   ,                           ,
la faccia           ,face           ,Noun           ,                   ,                           ,
la caduta           ,fall           ,Noun           ,season             ,                           ,
la famiglia         ,family         ,Noun           ,                   ,                           ,
il famoso           ,famous         ,Noun           ,                   ,                           ,
il fan              ,fan            ,Noun           ,electric           ,                           ,
il fan              ,fan            ,Noun           ,sport              ,                           ,
lontano             ,far            ,Adverb         ,                   ,                           ,
la Fattoria         ,farm           ,Noun           ,                   ,                           ,
la velocità         ,fast           ,Noun           ,                   ,                           ,
il padre            ,father         ,Noun           ,                   ,                           ,
la femmina          ,female         ,Noun           ,                   ,                           ,
i quindici          ,fifteen        ,Noun           ,                   ,                           ,
il quinto           ,fifth          ,Noun           ,5th                ,                           ,
i cinquanta         ,fifty          ,Noun           ,                   ,                           ,
il dito             ,finger         ,Noun           ,                   ,                           ,
il fuoco            ,fire           ,Noun           ,                   ,                           ,
il primo            ,first          ,Noun           ,1st                ,                           ,
il pesce            ,fish           ,Noun           ,                   ,                           ,
i cinque            ,five           ,Noun           ,                   ,                           ,
piatto              ,flat           ,Adjective      ,                   ,                           ,
il pavimento        ,floor          ,Noun           ,                   ,                           ,
il fiore            ,flower         ,Noun           ,                   ,                           ,
il cibo             ,food           ,Noun           ,                   ,                           ,
il piede            ,foot           ,Noun           ,body part          ,                           ,
il piede            ,foot           ,Noun           ,measurement        ,                           ,
la foresta          ,forest         ,Noun           ,                   ,                           ,
la forchetta        ,fork           ,Noun           ,                   ,                           ,
i quaranta          ,forty          ,Noun           ,                   ,                           ,
il quattro          ,four           ,Noun           ,                   ,                           ,
i quattordici       ,fourteen       ,Noun           ,                   ,                           ,
il quarto           ,fourth         ,Noun           ,4th                ,                           ,
l'amico             ,friend         ,Noun           ,                   ,                           ,
la parte anteriore  ,front          ,Noun           ,                   ,                           ,
il gioco            ,game           ,Noun           ,                   ,                           ,
il giardino         ,garden         ,Noun           ,                   ,                           ,
la benzina          ,gasoline       ,Noun           ,                   ,                           ,
il regalo           ,gift           ,Noun           ,                   ,                           ,
la ragazza          ,girl           ,Noun           ,                   ,                           ,
la fidanzata        ,girlfriend     ,Noun           ,                   ,                           ,
il vetro            ,glass          ,Noun           ,                   ,                           ,
l'oro               ,gold           ,Noun           ,                   ,                           ,
il bene             ,good           ,Noun           ,                   ,"better, best"             ,
il nonno            ,grandfather    ,Noun           ,                   ,                           ,
la nonna            ,grandmother    ,Noun           ,                   ,                           ,
l'erba              ,grass          ,Noun           ,                   ,                           ,
il grigio           ,gray           ,Noun           ,                   ,                           ,
il verde            ,green          ,Noun           ,                   ,                           ,
il terreno          ,ground         ,Noun           ,                   ,                           ,
la pistola          ,gun            ,Noun           ,                   ,                           ,
i capelli           ,hair           ,Noun           ,                   ,                           ,
la metà             ,half           ,Noun           ,                   ,                           ,
la mano             ,hand           ,Noun           ,                   ,                           ,
la felicità         ,happy          ,Noun           ,                   ,                           ,
il duro             ,hard           ,Noun           ,                   ,                           ,
il cappello         ,hat            ,Noun           ,                   ,                           ,
lui                 ,he             ,Pronoun        ,                   ,"his, him, himself"        ,
la testa            ,head           ,Noun           ,                   ,                           ,
il sano             ,healthy        ,Noun           ,                   ,                           ,
l'udito             ,hear           ,Noun           ,a sound            ,                           ,
il cuore            ,heart          ,Noun           ,                   ,                           ,
il calore           ,heat           ,Noun           ,                   ,                           ,
il paradiso         ,heaven         ,Noun           ,                   ,                           ,
il pesante          ,heavy          ,Noun           ,                   ,                           ,
l'inferno           ,hell           ,Noun           ,                   ,                           ,
l'alto              ,high           ,Noun           ,                   ,                           ,
la collina          ,hill           ,Noun           ,                   ,                           ,
il buco             ,hole           ,Noun           ,                   ,                           ,
il cavallo          ,horse          ,Noun           ,                   ,                           ,
l'ospedale          ,hospital       ,Noun           ,                   ,                           ,
il caldo            ,hot            ,Noun           ,                   ,                           ,
l'albergo           ,hotel          ,Noun           ,                   ,                           ,
l'ora               ,hour           ,Noun           ,                   ,                           ,
la casa             ,house          ,Noun           ,                   ,                           ,
l'umano             ,human          ,Noun           ,                   ,                           ,
i cento             ,hundred        ,Noun           ,                   ,                           ,
il marito           ,husband        ,Noun           ,                   ,                           ,
il ghiaccio         ,ice            ,Noun           ,                   ,                           ,
l'immagine          ,image          ,Noun           ,                   ,                           ,
il pollice          ,inch           ,Noun           ,                   ,                           ,
la ferita           ,injury         ,Noun           ,                   ,                           ,
l'interno           ,inside         ,Noun           ,                   ,                           ,
lo strumento        ,instrument     ,Noun           ,musical            ,                           ,
interessante        ,interesting    ,Adjective      ,                   ,                           ,
l'isola             ,island         ,Noun           ,                   ,                           ,
l'it                ,it             ,Noun           ,                   ,                           ,
il lavoro           ,job            ,Noun           ,                   ,                           ,
il giudice          ,judge          ,Noun           ,Job                ,                           ,
il succo            ,juice          ,Noun           ,                   ,                           ,
il tasto            ,key            ,Noun           ,                   ,                           ,
il chilogrammo      ,kilogram       ,Noun           ,                   ,                           ,
il re               ,king           ,Noun           ,                   ,                           ,
la cucina           ,kitchen        ,Noun           ,                   ,                           ,
il ginocchio        ,knee           ,Noun           ,                   ,                           ,
il coltello         ,knife          ,Noun           ,                   ,                           ,
il lago             ,lake           ,Noun           ,                   ,                           ,
la lampada          ,lamp           ,Noun           ,                   ,                           ,
il laptop           ,laptop         ,Noun           ,                   ,                           ,
L'avvocato          ,lawyer         ,Noun           ,                   ,                           ,
la foglia           ,leaf           ,Noun           ,                   ,                           ,
la sinistra         ,left           ,Noun           ,direction          ,                           ,
la gamba            ,leg            ,Noun           ,                   ,                           ,
il limone           ,lemon          ,Noun           ,                   ,                           ,
la lettera          ,letter         ,Noun           ,                   ,                           ,
la Biblioteca       ,library        ,Noun           ,                   ,                           ,
la bugia            ,lie            ,Noun           ,                   ,                           ,
luce                ,light          ,Adjective      ,/dark              ,                           ,
luce                ,light          ,Adjective      ,/heavy             ,                           ,
la luce             ,light          ,Noun           ,                   ,                           ,
il labbro           ,lip            ,Noun           ,                   ,                           ,
la lista            ,list           ,Noun           ,                   ,                           ,
la posizione        ,location       ,Noun           ,                   ,                           ,
la serratura        ,lock           ,Noun           ,                   ,                           ,
il lungo            ,long           ,Noun           ,                   ,                           ,
il sciolto          ,loose          ,Noun           ,                   ,                           ,
il forte            ,loud           ,Noun           ,                   ,                           ,
il basso            ,low            ,Noun           ,                   ,                           ,
il pranzo           ,lunch          ,Noun           ,                   ,                           ,
la rivista          ,magazine       ,Noun           ,                   ,                           ,
il maschio          ,male           ,Noun           ,                   ,                           ,
l'uomo              ,man            ,Noun           ,                   ,                           ,
il responsabile     ,manager        ,Noun           ,                   ,                           ,
la mappa            ,map            ,Noun           ,                   ,                           ,
il mercato          ,market         ,Noun           ,                   ,                           ,
il matrimonio       ,marriage       ,Noun           ,                   ,                           ,
il materiale        ,material       ,Noun           ,                   ,                           ,
la media            ,mean           ,Noun           ,/nice              ,                           ,
la medicina         ,medicine       ,Noun           ,                   ,                           ,
il casino           ,mess           ,Noun           ,                   ,                           ,
il metallo          ,metal          ,Noun           ,                   ,                           ,
il metro            ,meter          ,Noun           ,                   ,                           ,
il latte            ,milk           ,Noun           ,                   ,                           ,
il milione          ,million        ,Noun           ,                   ,                           ,
il minuto           ,minute         ,Noun           ,                   ,                           ,
la mamma            ,mom            ,Noun           ,                   ,Mommy                      ,
i soldi             ,money          ,Noun           ,                   ,                           ,
il mese             ,month          ,Noun           ,                   ,                           ,
la luna             ,moon           ,Noun           ,                   ,                           ,
la mattina          ,morning        ,Noun           ,                   ,                           ,
la madre            ,mother         ,Noun           ,                   ,                           ,
la montagna         ,mountain       ,Noun           ,                   ,                           ,
il topo             ,mouse          ,Noun           ,                   ,                           ,
la bocca            ,mouth          ,Noun           ,                   ,                           ,
il film             ,movie          ,Noun           ,                   ,                           ,
l'omicidio          ,murder         ,Noun           ,                   ,                           ,
la musica           ,music          ,Noun           ,                   ,                           ,
lo stretto          ,narrow         ,Noun           ,                   ,                           ,
la natura           ,nature         ,Noun           ,                   ,                           ,
vicino              ,near           ,Adverb         ,                   ,                           ,
il collo            ,neck           ,Noun           ,                   ,                           ,
l'ago               ,needle         ,Noun           ,                   ,                           ,
il vicino           ,neighbor       ,Noun           ,                   ,                           ,
né                  ,neither        ,Adverb         ,                   ,                           ,
il network          ,network        ,Noun           ,                   ,                           ,
il nuovo            ,new            ,Noun           ,                   ,                           ,
il giornale         ,newspaper      ,Noun           ,                   ,                           ,
il bello            ,nice           ,Noun           ,                   ,                           ,
la notte            ,night          ,Noun           ,                   ,                           ,
il nove             ,nine           ,Noun           ,                   ,                           ,
il diciannove       ,nineteen       ,Noun           ,                   ,                           ,
i novanta           ,ninety         ,Noun           ,                   ,                           ,
il no               ,no             ,Noun           ,                   ,                           ,
né                  ,nor            ,Conjunction    ,                   ,                           ,
il Nord             ,north          ,Noun           ,                   ,                           ,
il naso             ,nose           ,Noun           ,                   ,                           ,
la nota             ,note           ,Noun           ,on paper           ,                           ,
il niente           ,nothing        ,Noun           ,                   ,                           ,
il nucleare         ,nuclear        ,Noun           ,                   ,                           ,
il numero           ,number         ,Noun           ,                   ,                           ,
l'oceano            ,ocean          ,Noun           ,                   ,                           ,
l'ufficio           ,office         ,Noun           ,                   ,                           ,
l'olio              ,oil            ,Noun           ,                   ,                           ,
la vecchia          ,old            ,Noun           ,/new               ,                           ,
la vecchia          ,old            ,Noun           ,/young             ,                           ,
l'unico             ,one            ,Noun           ,                   ,                           ,
i cento             ,one hundred    ,Noun           ,                   ,                           ,
il milione          ,one million    ,Noun           ,                   ,                           ,
i mille             ,one thousand   ,Noun           ,                   ,                           ,
o                   ,or             ,Conjunction    ,                   ,                           ,
l'arancia           ,orange         ,Noun           ,color              ,                           ,
l'arancia           ,orange         ,Noun           ,food               ,                           ,
l'esterno           ,outside        ,Noun           ,                   ,                           ,
la pagina           ,page           ,Noun           ,                   ,                           ,
il dolore           ,pain           ,Noun           ,                   ,                           ,
la vernice          ,paint          ,Noun           ,                   ,                           ,
i pantaloni         ,pants          ,Noun           ,                   ,                           ,
la carta            ,paper          ,Noun           ,                   ,                           ,
il genitore         ,parent         ,Noun           ,                   ,                           ,
il parco            ,park           ,Noun           ,location           ,                           ,
il paziente         ,patient        ,Noun           ,                   ,                           ,
Il modello          ,pattern        ,Noun           ,                   ,                           ,
la pace             ,peace          ,Noun           ,                   ,                           ,
la penna            ,pen            ,Noun           ,                   ,                           ,
la matita           ,pencil         ,Noun           ,                   ,                           ,
la persona          ,person         ,Noun           ,                   ,                           ,
il telefono         ,phone          ,Noun           ,                   ,                           ,
la fotografia       ,photograph     ,Noun           ,                   ,                           ,
il pezzo            ,piece          ,Noun           ,                   ,                           ,
il maiale           ,pig            ,Noun           ,                   ,                           ,
Il rosa             ,pink           ,Noun           ,                   ,                           ,
il programma        ,plan           ,Noun           ,                   ,                           ,
l'aereo             ,plane          ,Noun           ,                   ,                           ,
la pianta           ,plant          ,Noun           ,                   ,                           ,
la plastica         ,plastic        ,Noun           ,                   ,                           ,
il piatto           ,plate          ,Noun           ,                   ,                           ,
il giocatore        ,player         ,Noun           ,                   ,                           ,
la tasca            ,pocket         ,Noun           ,                   ,                           ,
il veleno           ,poison         ,Noun           ,                   ,                           ,
la polizia          ,police         ,Noun           ,                   ,                           ,
la piscina          ,pool           ,Noun           ,                   ,                           ,
il povero           ,poor           ,Noun           ,                   ,                           ,
il maiale           ,pork           ,Noun           ,                   ,                           ,
possibilmente       ,possibly       ,Adverb         ,                   ,                           ,
la sterlina         ,pound          ,Noun           ,weight             ,                           ,
il presidente       ,president      ,Noun           ,                   ,                           ,
il prezzo           ,price          ,Noun           ,                   ,                           ,
il prete            ,priest         ,Noun           ,                   ,                           ,
la prigione         ,prison         ,Noun           ,                   ,                           ,
privato             ,private        ,Adjective      ,                   ,                           ,
il programma        ,program        ,Noun           ,computer           ,                           ,
pubblico            ,public         ,Adjective      ,                   ,                           ,
la regina           ,queen          ,Noun           ,                   ,                           ,
la calma            ,quiet          ,Noun           ,                   ,                           ,
la gara             ,race           ,Noun           ,ethnicity          ,                           ,
la gara             ,race           ,Noun           ,sport              ,                           ,
la radio            ,radio          ,Noun           ,                   ,                           ,
la pioggia          ,rain           ,Noun           ,                   ,                           ,
il rosso            ,red            ,Noun           ,                   ,                           ,
la religione        ,religion       ,Noun           ,                   ,                           ,
il giornalista      ,reporter       ,Noun           ,                   ,                           ,
il ristorante       ,restaurant     ,Noun           ,                   ,                           ,
il riso             ,rice           ,Noun           ,                   ,                           ,
il ricco            ,rich           ,Noun           ,                   ,                           ,
la destra           ,right          ,Noun           ,direction          ,                           ,
l'anello            ,ring           ,Noun           ,                   ,                           ,
il fiume            ,river          ,Noun           ,                   ,                           ,
il tetto            ,roof           ,Noun           ,                   ,                           ,
la stanza           ,room           ,Noun           ,in a house         ,                           ,
la radice           ,root           ,Noun           ,                   ,                           ,
il triste           ,sad            ,Noun           ,                   ,                           ,
il sale             ,salt           ,Noun           ,                   ,                           ,
la sabbia           ,sand           ,Noun           ,                   ,                           ,
la scuola           ,school         ,Noun           ,                   ,                           ,
la scienza          ,science        ,Noun           ,                   ,                           ,
lo schermo          ,screen         ,Noun           ,                   ,                           ,
il mare             ,sea            ,Noun           ,                   ,                           ,
la stagione         ,season         ,Noun           ,                   ,                           ,
il secondo          ,second         ,Noun           ,2nd                ,                           ,
il secondo          ,second         ,Noun           ,time               ,                           ,
la segretaria       ,secretary      ,Noun           ,                   ,                           ,
il seme             ,seed           ,Noun           ,                   ,                           ,
i sette             ,seven          ,Noun           ,                   ,                           ,
i diciassette       ,seventeen      ,Noun           ,                   ,                           ,
i settanta          ,seventy        ,Noun           ,                   ,                           ,
il sesso            ,sex            ,Noun           ,act                ,                           ,
il sesso            ,sex            ,Noun           ,gender             ,                           ,
il poco profondo    ,shallow        ,Noun           ,                   ,                           ,
la lei              ,she            ,Noun           ,                   ,"her, hers, herself"       ,
la nave             ,ship           ,Noun           ,                   ,                           ,
la camicia          ,shirt          ,Noun           ,                   ,                           ,
le scarpe           ,shoes          ,Noun           ,                   ,                           ,
breve               ,short          ,Adjective      ,long               ,                           ,
breve               ,short          ,Adjective      ,vs. tall           ,                           ,
la spalla           ,shoulder       ,Noun           ,                   ,                           ,
i malati            ,sick           ,Noun           ,                   ,                           ,
il lato             ,side           ,Noun           ,                   ,                           ,
il segno            ,sign           ,Noun           ,                   ,                           ,
l'argento           ,silver         ,Noun           ,                   ,                           ,
la sorella          ,sister         ,Noun           ,                   ,                           ,
i sei               ,six            ,Noun           ,                   ,                           ,
i sedici            ,sixteen        ,Noun           ,                   ,                           ,
i sessanta          ,sixty          ,Noun           ,                   ,                           ,
la pelle            ,skin           ,Noun           ,                   ,                           ,
la gonna            ,skirt          ,Noun           ,                   ,                           ,
il cielo            ,sky            ,Noun           ,                   ,                           ,
il lento            ,slow           ,Noun           ,                   ,                           ,
il piccolo/piccolo  ,small/little   ,Noun           ,                   ,                           ,
la neve             ,snow           ,Noun           ,                   ,                           ,
il sapone           ,soap           ,Noun           ,                   ,                           ,
il morbido          ,soft           ,Noun           ,                   ,                           ,
il suolo/terra      ,soil/earth     ,Noun           ,                   ,                           ,
Il soldato          ,soldier        ,Noun           ,                   ,                           ,
il figlio           ,son            ,Noun           ,                   ,                           ,
la canzone          ,song           ,Noun           ,                   ,                           ,
il suono            ,sound          ,Noun           ,                   ,                           ,
la zuppa            ,soup           ,Noun           ,                   ,                           ,
il Sud              ,south          ,Noun           ,                   ,                           ,
lo spazio           ,space          ,Noun           ,outer space        ,                           ,
il cucchiaio        ,spoon          ,Noun           ,                   ,                           ,
lo sport            ,sport          ,Noun           ,                   ,                           ,
la primavera        ,spring         ,Noun           ,season             ,                           ,
la piazza           ,square         ,Noun           ,                   ,                           ,
la macchia          ,stain          ,Noun           ,                   ,                           ,
la stella           ,star           ,Noun           ,                   ,                           ,
la stazione         ,station        ,Noun           ,                   ,                           ,
la pietra           ,stone          ,Noun           ,                   ,                           ,
il negozio/negozio  ,store/shop     ,Noun           ,                   ,                           ,
il dritto           ,straight       ,Noun           ,                   ,                           ,
la strada/strada    ,street/road    ,Noun           ,                   ,                           ,
Il forte            ,strong         ,Noun           ,                   ,                           ,
lo studente         ,student        ,Noun           ,                   ,                           ,
lo zucchero         ,sugar          ,Noun           ,                   ,                           ,
l'abito             ,suit           ,Noun           ,                   ,                           ,
l'estate            ,summer         ,Noun           ,                   ,                           ,
il Sole             ,sun            ,Noun           ,                   ,                           ,
il sudore           ,sweat          ,Noun           ,                   ,                           ,
la tavola           ,table          ,Noun           ,                   ,                           ,
l'alto              ,tall           ,Noun           ,                   ,                           ,
il tè               ,tea            ,Noun           ,                   ,                           ,
l'insegnante        ,teacher        ,Noun           ,                   ,                           ,
Il gruppo           ,team           ,Noun           ,                   ,                           ,
la lacrima          ,tear           ,Noun           ,drop               ,                           ,
la tecnologia       ,technology     ,Noun           ,                   ,                           ,
il telefono_        ,telephone_     ,Noun           ,                   ,                           ,
la televisione      ,television     ,Noun           ,                   ,                           ,
la temperatura      ,temperature    ,Noun           ,                   ,                           ,
i dieci             ,ten            ,Noun           ,                   ,                           ,
i diecimila         ,ten thousand   ,Noun           ,                   ,                           ,
il teatro           ,theater        ,Noun           ,                   ,                           ,
essi                ,they           ,Pronoun        ,                   ,"them, their, theirs"      ,
il grosso           ,thick          ,Noun           ,                   ,                           ,
il magro            ,thin           ,Noun           ,                   ,                           ,
il terzo            ,third          ,Noun           ,3rd                ,                           ,
il tredici          ,thirteen       ,Noun           ,                   ,                           ,
i trenta            ,thirty         ,Noun           ,                   ,                           ,
i mille             ,thousand       ,Noun           ,                   ,                           ,
i tre               ,three          ,Noun           ,                   ,                           ,
il biglietto        ,ticket         ,Noun           ,train              ,                           ,
il stretto          ,tight          ,Noun           ,                   ,                           ,
il tempo            ,time           ,Noun           ,                   ,                           ,
lo pneumatico       ,tire           ,Noun           ,of a car           ,                           ,
essere              ,to be          ,Verb           ,                   ,                           ,
battere             ,to beat        ,Verb           ,                   ,                           ,
iniziare            ,to begin       ,Verb           ,                   ,                           ,
piegare             ,to bend        ,Verb           ,                   ,                           ,
rompere             ,to break       ,Verb           ,                   ,                           ,
bollire             ,to boil        ,Verb           ,                   ,                           ,
costruire           ,to build       ,Verb           ,                   ,                           ,
bruciare            ,to burn        ,Verb           ,                   ,                           ,
comprare            ,to buy         ,Verb           ,                   ,                           ,
chiamare            ,to call        ,Verb           ,                   ,                           ,
portare             ,to carry       ,Verb           ,                   ,                           ,
per cancellare      ,to cancel      ,Verb           ,                   ,                           ,
curare              ,to care        ,Verb           ,                   ,                           ,
catturare           ,to catch       ,Verb           ,                   ,                           ,
causare             ,to cause       ,Verb           ,                   ,                           ,
pulire              ,to clean       ,Verb           ,                   ,                           ,
chiudere            ,to close       ,Verb           ,                   ,                           ,
venire              ,to come        ,Verb           ,                   ,                           ,
per confrontare     ,to compare     ,Verb           ,                   ,                           ,
competere           ,to compete     ,Verb           ,                   ,                           ,
per connettere      ,to connect     ,Verb           ,                   ,                           ,
cucinare            ,to cook        ,Verb           ,                   ,                           ,
contare             ,to count       ,Verb           ,                   ,                           ,
piangere            ,to cry         ,Verb           ,                   ,                           ,
tagliare            ,to cut         ,Verb           ,                   ,                           ,
ballare             ,to dance       ,Verb           ,                   ,                           ,
meritarsi           ,to deserve     ,Verb           ,                   ,                           ,
morire              ,to die         ,Verb           ,                   ,                           ,
scavare             ,to dig         ,Verb           ,                   ,                           ,
da fare             ,to do          ,Verb           ,                   ,                           ,
verso il basso      ,to down        ,Verb           ,                   ,                           ,
disegnare           ,to draw        ,Verb           ,                   ,                           ,
vestirsi            ,to dress       ,Verb           ,                   ,                           ,
bere                ,to drink       ,Verb           ,                   ,                           ,
guidare             ,to drive       ,Verb           ,                   ,                           ,
mangiare            ,to eat         ,Verb           ,                   ,                           ,
godere              ,to enjoy       ,Verb           ,                   ,                           ,
esplodere           ,to explode     ,Verb           ,                   ,                           ,
cadere              ,to fall        ,Verb           ,                   ,                           ,
nutrire             ,to feed        ,Verb           ,                   ,                           ,
combattere          ,to fight       ,Verb           ,                   ,                           ,
trovare             ,to find        ,Verb           ,                   ,                           ,
finire              ,to finish      ,Verb           ,                   ,                           ,
aggiustare          ,to fix         ,Verb           ,                   ,                           ,
volare              ,to fly         ,Verb           ,                   ,                           ,
da seguire          ,to follow      ,Verb           ,                   ,                           ,
dare                ,to give        ,Verb           ,                   ,                           ,
andare              ,to go          ,Verb           ,                   ,                           ,
crescere            ,to grow        ,Verb           ,                   ,                           ,
appendere           ,to hang        ,Verb           ,                   ,                           ,
avere               ,to have        ,Verb           ,                   ,                           ,
aiutare             ,to help        ,Verb           ,                   ,                           ,
tenere              ,to hold        ,Verb           ,                   ,                           ,
saltare             ,to jump        ,Verb           ,                   ,                           ,
tenere              ,to keep        ,Verb           ,                   ,                           ,
uccidere            ,to kill        ,Verb           ,                   ,                           ,
baciare             ,to kiss        ,Verb           ,                   ,                           ,
ridere              ,to laugh       ,Verb           ,                   ,                           ,
per imparare        ,to learn       ,Verb           ,                   ,                           ,
sollevare           ,to lift        ,Verb           ,                   ,                           ,
ascoltare           ,to listen      ,Verb           ,to music           ,                           ,
perdere             ,to lose        ,Verb           ,                   ,                           ,
amare               ,to love        ,Verb           ,                   ,                           ,
sposare             ,to marry       ,Verb           ,                   ,                           ,
incontrare          ,to meet        ,Verb           ,                   ,                           ,
sciogliere          ,to melt        ,Verb           ,                   ,                           ,
menzionare          ,to mention     ,Verb           ,                   ,                           ,
mescolare/mescolare ,to mix/stir    ,Verb           ,                   ,                           ,
aprire              ,to open        ,Verb           ,                   ,                           ,
passare             ,to pass        ,Verb           ,                   ,                           ,
pagare              ,to pay         ,Verb           ,                   ,                           ,
giocare             ,to play        ,Verb           ,                   ,                           ,
pregare             ,to pray        ,Verb           ,                   ,                           ,
tirare              ,to pull        ,Verb           ,                   ,                           ,
spingere            ,to push        ,Verb           ,                   ,                           ,
mettere             ,to put         ,Verb           ,                   ,                           ,
da rispettare       ,to respect     ,Verb           ,                   ,                           ,
correre             ,to run         ,Verb           ,                   ,                           ,
vedere              ,to see         ,Verb           ,a bird             ,                           ,
vendere             ,to sell        ,Verb           ,                   ,                           ,
a scuotere          ,to shake       ,Verb           ,                   ,                           ,
il per sparare      ,to shoot       ,Noun           ,a gun              ,                           ,
firmare             ,to sign        ,Verb           ,                   ,                           ,
cantare             ,to sing        ,Verb           ,                   ,                           ,
sedere              ,to sit         ,Verb           ,                   ,                           ,
dormire             ,to sleep       ,Verb           ,                   ,                           ,
annusare            ,to smell       ,Verb           ,                   ,                           ,
sorridere           ,to smile       ,Verb           ,                   ,                           ,
parlare/dire        ,to speak/say   ,Verb           ,                   ,                           ,
spendere            ,to spend       ,Verb           ,                   ,                           ,
Stare in piedi      ,to stand       ,Verb           ,                   ,                           ,
stare               ,to stay        ,Verb           ,                   ,                           ,
fermare             ,to stop        ,Verb           ,                   ,                           ,
sorprendere         ,to surprise    ,Verb           ,                   ,                           ,
nuotare             ,to swim        ,Verb           ,                   ,                           ,
prendere            ,to take        ,Verb           ,                   ,                           ,
assaggiare          ,to taste       ,Verb           ,                   ,                           ,
insegnare           ,to teach       ,Verb           ,                   ,                           ,
pensare             ,to think       ,Verb           ,                   ,                           ,
gettare             ,to throw       ,Verb           ,                   ,                           ,
toccare             ,to touch       ,Verb           ,                   ,                           ,
girare              ,to turn        ,Verb           ,                   ,                           ,
alzare              ,to up          ,Verb           ,                   ,                           ,
camminare           ,to walk        ,Verb           ,                   ,                           ,
lavare              ,to wash        ,Verb           ,                   ,                           ,
guardare            ,to watch       ,Verb           ,(TV)               ,                           ,
indossare           ,to wear        ,Verb           ,                   ,                           ,
indossare           ,to wear        ,Verb           ,                   ,                           ,
vincere             ,to win         ,Verb           ,                   ,                           ,
lavorare            ,to work        ,Verb           ,                   ,                           ,
scrivere            ,to write       ,Verb           ,                   ,                           ,
la punta            ,toe            ,Noun           ,                   ,                           ,
la lingua           ,tongue         ,Noun           ,                   ,                           ,
lo strumento        ,tool           ,Noun           ,                   ,                           ,
il dente            ,tooth          ,Noun           ,                   ,                           ,
la cima             ,top            ,Noun           ,                   ,                           ,
la città            ,town           ,Noun           ,                   ,                           ,
il treno            ,train          ,Noun           ,                   ,                           ,
il trasporto        ,transportation ,Noun           ,                   ,                           ,
l'albero            ,tree           ,Noun           ,                   ,                           ,
il camion           ,truck          ,Noun           ,                   ,                           ,
i dodici            ,twelve         ,Noun           ,                   ,                           ,
i venti             ,twenty         ,Noun           ,                   ,                           ,
il ventunesimo      ,twenty one     ,Noun           ,                   ,                           ,
il due              ,two            ,Noun           ,                   ,                           ,
i duecento          ,two hundred    ,Noun           ,                   ,                           ,
il brutto           ,ugly           ,Noun           ,                   ,                           ,
lo zio              ,uncle          ,Noun           ,                   ,                           ,
l'Università        ,university     ,Noun           ,                   ,                           ,
il su               ,up             ,Noun           ,                   ,                           ,
la Valle            ,valley         ,Noun           ,                   ,                           ,
il verbo            ,verb           ,Noun           ,                   ,                           ,
la vittima          ,victim         ,Noun           ,                   ,                           ,
la voce             ,voice          ,Noun           ,                   ,                           ,
la vocale           ,vowel          ,Noun           ,                   ,                           ,
il cameriere        ,waiter         ,Noun           ,                   ,                           ,
il risveglio        ,wake           ,Noun           ,                   ,                           ,
il muro             ,wall           ,Noun           ,                   ,                           ,
la guerra           ,war            ,Noun           ,                   ,                           ,
caldo               ,warm           ,Adjective      ,                   ,                           ,
l'acqua             ,water          ,Noun           ,                   ,                           ,
l'onda              ,wave           ,Noun           ,ocean              ,                           ,
noi                 ,we             ,Pronoun        ,                   ,"us, our, ours, ourselves" ,
il debole           ,weak           ,Noun           ,                   ,                           ,
il matrimonio       ,wedding        ,Noun           ,                   ,                           ,
la settimana        ,week           ,Noun           ,                   ,                           ,
la settimana        ,week           ,Noun           ,                   ,                           ,
il fine settimana   ,weekend        ,Noun           ,                   ,                           ,
pesare              ,weigh          ,Verb           ,                   ,                           ,
il peso             ,weight         ,Noun           ,                   ,                           ,
il peso             ,weight         ,Noun           ,                   ,                           ,
il pozzo            ,well           ,Noun           ,                   ,                           ,
l'ovest             ,west           ,Noun           ,                   ,                           ,
l'ovest             ,west           ,Noun           ,                   ,                           ,
l'occidentale       ,western        ,Noun           ,                   ,                           ,
il bagnato          ,wet            ,Noun           ,adj.               ,                           ,
il cosa             ,what           ,Noun           ,                   ,                           ,
il quando           ,when           ,Noun           ,                   ,                           ,
il dove             ,where          ,Noun           ,                   ,                           ,
se                  ,whether        ,Adverb         ,                   ,                           ,
il quale            ,which          ,Noun           ,                   ,                           ,
il tempo            ,while          ,Noun           ,                   ,                           ,
il bianco           ,white          ,Noun           ,                   ,                           ,
il bianco           ,white          ,Noun           ,                   ,                           ,
l'OMS               ,who            ,Noun           ,                   ,                           ,
il tutto            ,whole          ,Noun           ,                   ,                           ,
il perché           ,why            ,Noun           ,                   ,                           ,
il largo            ,wide           ,Noun           ,                   ,                           ,
il largo            ,wide           ,Noun           ,                   ,                           ,
la moglie           ,wife           ,Noun           ,                   ,                           ,
la moglie           ,wife           ,Noun           ,                   ,                           ,
il selvaggio        ,wild           ,Noun           ,                   ,                           ,
la volontà          ,will           ,Noun           ,                   ,                           ,
la vittoria         ,win            ,Noun           ,                   ,                           ,
il vento            ,wind           ,Noun           ,                   ,                           ,
il vento            ,wind           ,Noun           ,                   ,                           ,
la finestra         ,window         ,Noun           ,                   ,                           ,
la finestra         ,window         ,Noun           ,                   ,                           ,
il vino             ,wine           ,Noun           ,                   ,                           ,
il vino             ,wine           ,Noun           ,                   ,                           ,
l'ala               ,wing           ,Noun           ,                   ,                           ,
l'ala               ,wing           ,Noun           ,                   ,                           ,
il vincitore        ,winner         ,Noun           ,                   ,                           ,
inverno             ,winter         ,Noun           ,                   ,                           ,
inverno             ,winter         ,Noun           ,                   ,                           ,
il cavo             ,wire           ,Noun           ,                   ,                           ,
la donna            ,woman          ,Noun           ,                   ,                           ,
il legno            ,wood           ,Noun           ,                   ,                           ,
il mondo            ,world          ,Noun           ,                   ,                           ,
il cortile          ,yard           ,Noun           ,                   ,                           ,
l'anno              ,year           ,Noun           ,                   ,                           ,
il giallo           ,yellow         ,Noun           ,                   ,                           ,
il si               ,yes            ,Noun           ,                   ,                           ,
voi                 ,you            ,Pronoun        ,singular/plural    ,"your, yours, yourself"    ,
il giovane          ,young          ,Noun           ,                   ,                           ,
lo zero             ,zero           ,Noun           ,                   ,                           ,
