ar                   ,en             ,Part of Speech ,Notes              ,Related                    ,
أبريل                ,April          ,Noun           ,                   ,                           ,
أغسطس                ,August         ,Noun           ,                   ,                           ,
ديسمبر               ,December       ,Noun           ,                   ,                           ,
فبراير               ,February       ,Noun           ,                   ,                           ,
الجمعة               ,Friday         ,Noun           ,                   ,                           ,
أنا                  ,I              ,Pronoun        ,                   ,"me, my, mine, myself"     ,
يناير                ,January        ,Noun           ,                   ,                           ,
يوليو                ,July           ,Noun           ,                   ,                           ,
يونيو                ,June           ,Noun           ,                   ,                           ,
مارس                 ,March          ,Noun           ,                   ,                           ,
مايو                 ,May            ,Noun           ,                   ,                           ,
يوم الاثنين          ,Monday         ,Noun           ,                   ,                           ,
نوفمبر               ,November       ,Noun           ,                   ,                           ,
أكتوبر               ,October        ,Noun           ,                   ,                           ,
السبت                ,Saturday       ,Noun           ,                   ,                           ,
سبتمبر               ,September      ,Noun           ,                   ,                           ,
الأحد                ,Sunday         ,Noun           ,                   ,                           ,
يوم الخميس           ,Thursday       ,Noun           ,                   ,                           ,
الثلاثاء             ,Tuesday        ,Noun           ,                   ,                           ,
الاربعاء             ,Wednesday      ,Noun           ,                   ,                           ,
الأرض                ,earth          ,Noun           ,                   ,                           ,
الله                 ,god            ,Noun           ,                   ,                           ,
القميص               ,t-shirt        ,Noun           ,                   ,                           ,
الممثل               ,actor          ,Noun           ,                   ,                           ,
وصفة                 ,adjective      ,Noun           ,                   ,                           ,
الكبار               ,adult          ,Noun           ,                   ,                           ,
بعد الظهر            ,afternoon      ,Noun           ,                   ,                           ,
الهواء               ,air            ,Noun           ,                   ,                           ,
المطار               ,airport        ,Noun           ,                   ,                           ,
على قيد الحياة       ,alive          ,Noun           ,                   ,                           ,
و                    ,and            ,Conjunction    ,                   ,                           ,
الحيوان              ,animal         ,Noun           ,                   ,                           ,
الاجابة              ,answer         ,Noun           ,                   ,                           ,
أي شيء               ,anything       ,Noun           ,                   ,                           ,
بعيدا، بمعزل، على حد ,apart          ,Adverb         ,                   ,                           ,
الشقة                ,apartment      ,Noun           ,                   ,                           ,
التفاحة              ,apple          ,Noun           ,                   ,                           ,
الذراع               ,arm            ,Noun           ,                   ,                           ,
الجيش                ,army           ,Noun           ,                   ,                           ,
حول                  ,around         ,Noun           ,                   ,                           ,
الفن                 ,art            ,Noun           ,                   ,                           ,
الفنان               ,artist         ,Noun           ,                   ,                           ,
كما                  ,as             ,Conjunction    ,                   ,                           ,
في                   ,at             ,Conjunction    ,                   ,.                          
الهجوم               ,attack         ,Noun           ,                   ,                           ,
الانتباه             ,attention      ,Noun           ,                   ,                           ,
العمه                ,aunt           ,Noun           ,                   ,                           ,
بعيدا                ,away           ,Noun           ,                   ,                           ,
المؤلف               ,author         ,Noun           ,                   ,                           ,
الطفل                ,baby           ,Noun           ,                   ,                           ,
الظهر                ,back           ,Noun           ,body               ,                           ,
الظهر                ,back           ,Noun           ,direction          ,                           ,
السيء                ,bad            ,Noun           ,                   ,"worse, worst"             ,
الحقيبة              ,bag            ,Noun           ,                   ,                           ,
الكرة                ,ball           ,Noun           ,                   ,                           ,
الموز                ,banana         ,Noun           ,                   ,                           ,
الفرقة               ,band           ,Noun           ,music              ,                           ,
البنك                ,bank           ,Noun           ,                   ,                           ,
الحانة               ,bar            ,Noun           ,Location           ,                           ,
القاعدة              ,base           ,Noun           ,                   ,                           ,
الوطواط              ,bat            ,Noun           ,                   ,                           ,
الحمام               ,bathroom       ,Noun           ,                   ,                           ,
الشاطئ               ,beach          ,Noun           ,                   ,                           ,
الدب                 ,bear           ,Noun           ,                   ,                           ,
اللحية               ,beard          ,Noun           ,                   ,                           ,
الجميله              ,beautiful      ,Noun           ,                   ,                           ,
السرير               ,bed            ,Noun           ,                   ,                           ,
غرفة النوم           ,bedroom        ,Noun           ,                   ,                           ,
النحلة               ,bee            ,Noun           ,                   ,                           ,
اللحم                ,beef           ,Noun           ,                   ,                           ,
البيرة               ,beer           ,Noun           ,                   ,                           ,
قبل                  ,before         ,Preposition    ,                   ,                           ,
خلف                  ,behind         ,Preposition    ,                   ,                           ,
الجرس                ,bell           ,Noun           ,                   ,                           ,
البطن                ,belly          ,Noun           ,                   ,                           ,
المشروب              ,beverage       ,Noun           ,                   ,                           ,
الدراجة              ,bicycle        ,Noun           ,                   ,                           ,
الكبير / الكبير      ,big/large      ,Noun           ,                   ,                           ,
الفاتورة             ,bill           ,Noun           ,                   ,                           ,
المليار              ,billion        ,Noun           ,                   ,                           ,
الطائر               ,bird           ,Noun           ,                   ,                           ,
عيد الميلاد          ,birthday       ,Noun           ,                   ,                           ,
الأسود               ,black          ,Noun           ,                   ,                           ,
أعمى                 ,blind          ,Adjective      ,                   ,                           ,
الكتلة               ,block          ,Noun           ,                   ,                           ,
الدم                 ,blood          ,Noun           ,                   ,                           ,
الضربة               ,blow           ,Noun           ,                   ,                           ,
أزرق                 ,blue           ,Adjective      ,                   ,                           ,
القارب               ,boat           ,Noun           ,                   ,                           ,
الجسم                ,body           ,Noun           ,                   ,                           ,
العظم                ,bone           ,Noun           ,                   ,                           ,
الكتاب               ,book           ,Noun           ,                   ,                           ,
الحدود               ,border         ,Noun           ,                   ,                           ,
الزجاجة              ,bottle         ,Noun           ,                   ,                           ,
القاع                ,bottom         ,Noun           ,                   ,                           ,
وعاء                 ,bowl           ,Noun           ,                   ,                           ,
الصندوق              ,box            ,Noun           ,                   ,                           ,
الصبي                ,boy            ,Noun           ,                   ,                           ,
العشيق               ,boyfriend      ,Noun           ,                   ,                           ,
الدماغ               ,brain          ,Noun           ,                   ,                           ,
الخبز                ,bread          ,Noun           ,                   ,                           ,
الافطار              ,breakfast      ,Noun           ,                   ,                           ,
الجسر                ,bridge         ,Noun           ,                   ,                           ,
الأخ                 ,brother        ,Noun           ,                   ,                           ,
البني                ,brown          ,Noun           ,                   ,                           ,
المبنى               ,building       ,Noun           ,                   ,                           ,
الحافلة              ,bus            ,Noun           ,                   ,                           ,
لكن                  ,but            ,Conjunction    ,                   ,                           ,
الكعكة               ,cake           ,Noun           ,                   ,                           ,
الكاميرا             ,camera         ,Noun           ,                   ,                           ,
المخيم               ,camp           ,Noun           ,                   ,                           ,
يستطيع               ,can            ,Verb           ,                   ,                           ,
الشمعة               ,candle         ,Noun           ,                   ,                           ,
القبعة               ,cap            ,Noun           ,                   ,                           ,
السيارة              ,car            ,Noun           ,                   ,                           ,
البطاقة              ,card           ,Noun           ,                   ,                           ,
المهنة               ,career         ,Noun           ,                   ,                           ,
الجزرة               ,carrot         ,Noun           ,                   ,                           ,
القط                 ,cat            ,Noun           ,                   ,                           ,
السقف                ,ceiling        ,Noun           ,                   ,                           ,
الخلية               ,cell           ,Noun           ,                   ,                           ,
المائة               ,cent           ,Noun           ,                   ,                           ,
المركز               ,center         ,Noun           ,                   ,                           ,
القرن                ,century        ,Noun           ,                   ,                           ,
السنتيمتر            ,centimeter     ,Noun           ,                   ,                           ,
تأكيد                ,certain        ,Adjective      ,                   ,                           ,
الكرسي               ,chair          ,Noun           ,                   ,                           ,
الرخيص               ,cheap          ,Noun           ,                   ,                           ,
الجبنة               ,cheese         ,Noun           ,                   ,                           ,
الدجاجة              ,chicken        ,Noun           ,                   ,                           ,
الطفل                ,child          ,Noun           ,                   ,                           ,
الذقن                ,chin           ,Noun           ,                   ,                           ,
الكنيسة              ,church         ,Noun           ,                   ,                           ,
الدائرة              ,circle         ,Noun           ,                   ,                           ,
المدينة              ,city           ,Noun           ,                   ,                           ,
الطين                ,clay           ,Noun           ,                   ,                           ,
الفصل                ,class          ,Noun           ,                   ,                           ,
ينظف                 ,clean          ,Adjective      ,                   ,                           ,
الساعة               ,clock          ,Noun           ,                   ,                           ,
أغلق                 ,close          ,Adverb         ,                   ,                           ,
الملابس              ,clothing       ,Noun           ,                   ,clothes                    ,
الساعة               ,clock          ,Noun           ,                   ,                           ,
الملابس              ,cloth          ,Noun           ,                   ,                           ,
الغيمة               ,cloud          ,Noun           ,                   ,                           ,
النادي               ,club           ,Noun           ,location           ,                           ,
المعطف               ,coat           ,Noun           ,                   ,                           ,
القهوة               ,coffee         ,Noun           ,                   ,                           ,
البرد                ,cold           ,Noun           ,                   ,                           ,
اللون                ,color          ,Noun           ,                   ,                           ,
اللجنة               ,committee      ,Noun           ,                   ,                           ,
الشركة               ,company        ,Noun           ,                   ,                           ,
الكمبيوتر            ,computer       ,Noun           ,                   ,                           ,
المعقد               ,complex        ,Noun           ,                   ,                           ,
الساكن               ,consonant      ,Noun           ,                   ,                           ,
الحالة               ,condition      ,Noun           ,                   ,                           ,
العقد                ,contract       ,Noun           ,                   ,                           ,
بارد                 ,cool           ,Adjective      ,                   ,                           ,
النحاس               ,copper         ,Noun           ,                   ,                           ,
الذرة                ,corn           ,Noun           ,                   ,                           ,
الزاوية              ,corner         ,Noun           ,                   ,                           ,
البلد                ,country        ,Noun           ,(e.g. USA & Spain) ,                           ,
المحكمة              ,court          ,Noun           ,                   ,                           ,
الغطاء               ,cover          ,Noun           ,                   ,                           ,
البقرة               ,cow            ,Noun           ,                   ,                           ,
الحشد                ,crowd          ,Noun           ,                   ,                           ,
الكأس                ,cup            ,Noun           ,                   ,                           ,
المنحني              ,curved         ,Noun           ,                   ,                           ,
جذاب                 ,cute           ,Adjective      ,                   ,                           ,
الاب                 ,dad            ,Noun           ,                   ,Daddy                      ,
الظلام               ,dark           ,Noun           ,                   ,                           ,
التاريخ              ,date           ,Noun           ,e.g. May 7         ,                           ,
الابنة               ,daughter       ,Noun           ,                   ,                           ,
اليوم                ,day            ,Noun           ,                   ,                           ,
الموتى               ,dead           ,Noun           ,                   ,                           ,
الأصم                ,deaf           ,Noun           ,                   ,                           ,
الموت                ,death          ,Noun           ,                   ,                           ,
العميق               ,deep           ,Noun           ,                   ,                           ,
الألماس              ,diamond        ,Noun           ,                   ,                           ,
العشاء               ,dinner         ,Noun           ,                   ,                           ,
الاتجاه              ,direction      ,Noun           ,                   ,                           ,
القذر                ,dirty          ,Noun           ,                   ,                           ,
المرض                ,disease        ,Noun           ,                   ,                           ,
الطبيب               ,doctor         ,Noun           ,                   ,                           ,
الكلب                ,dog            ,Noun           ,                   ,                           ,
الدولار              ,dollar         ,Noun           ,                   ,                           ,
الباب                ,door           ,Noun           ,                   ,                           ,
النقطة               ,dot            ,Noun           ,                   ,                           ,
أسفل                 ,down           ,Preposition    ,                   ,                           ,
الحلم                ,dream          ,Noun           ,                   ,                           ,
اللباس               ,dress          ,Noun           ,                   ,                           ,
المخدرات             ,drug           ,Noun           ,                   ,                           ,
الجاف                ,dry            ,Noun           ,                   ,                           ,
الغبار               ,dust           ,Noun           ,                   ,                           ,
الأذن                ,ear            ,Noun           ,                   ,                           ,
الشرق                ,east           ,Noun           ,                   ,                           ,
الحافة               ,edge           ,Noun           ,                   ,                           ,
البيضة               ,egg            ,Noun           ,                   ,                           ,
الثمانية             ,eight          ,Noun           ,                   ,                           ,
الثمانية عشر         ,eighteen       ,Noun           ,                   ,                           ,
الثمانين             ,eighty         ,Noun           ,                   ,                           ,
أيضاً                ,either         ,Adverb         ,                   ,                           ,
الانتخابات           ,election       ,Noun           ,                   ,                           ,
الالكترونيات         ,electronics    ,Noun           ,                   ,                           ,
الأحد عشر            ,eleven         ,Noun           ,                   ,                           ,
الطاقة               ,energy         ,Noun           ,                   ,                           ,
المحرك               ,engine         ,Noun           ,                   ,                           ,
المساء               ,evening        ,Noun           ,                   ,                           ,
كل شيء               ,everything     ,Noun           ,                   ,                           ,
الدليل               ,evidence       ,Noun           ,                   ,                           ,
التمرين              ,exercise       ,Noun           ,                   ,                           ,
باهظ الثمن           ,expensive      ,Noun           ,                   ,                           ,
العين                ,eye            ,Noun           ,                   ,                           ,
الوجه                ,face           ,Noun           ,                   ,                           ,
السقوط               ,fall           ,Noun           ,season             ,                           ,
العائلة              ,family         ,Noun           ,                   ,                           ,
الشهير               ,famous         ,Noun           ,                   ,                           ,
المروحة              ,fan            ,Noun           ,electric           ,                           ,
المروحة              ,fan            ,Noun           ,sport              ,                           ,
بعيد                 ,far            ,Adverb         ,                   ,                           ,
المزرعة              ,farm           ,Noun           ,                   ,                           ,
الصوم                ,fast           ,Noun           ,                   ,                           ,
الأب                 ,father         ,Noun           ,                   ,                           ,
الأنثى               ,female         ,Noun           ,                   ,                           ,
الخمسة عشر           ,fifteen        ,Noun           ,                   ,                           ,
الخامس               ,fifth          ,Noun           ,5th                ,                           ,
الخمسين              ,fifty          ,Noun           ,                   ,                           ,
الاصبع               ,finger         ,Noun           ,                   ,                           ,
النار                ,fire           ,Noun           ,                   ,                           ,
الأول                ,first          ,Noun           ,1st                ,                           ,
السمكة               ,fish           ,Noun           ,                   ,                           ,
الخمسة               ,five           ,Noun           ,                   ,                           ,
مسطحة                ,flat           ,Adjective      ,                   ,                           ,
الارضية              ,floor          ,Noun           ,                   ,                           ,
الوردة               ,flower         ,Noun           ,                   ,                           ,
الطعام               ,food           ,Noun           ,                   ,                           ,
القدم                ,foot           ,Noun           ,body part          ,                           ,
القدم                ,foot           ,Noun           ,measurement        ,                           ,
الغابة               ,forest         ,Noun           ,                   ,                           ,
الشوكة               ,fork           ,Noun           ,                   ,                           ,
الأربعين             ,forty          ,Noun           ,                   ,                           ,
الأربعة              ,four           ,Noun           ,                   ,                           ,
الأربعة عشر          ,fourteen       ,Noun           ,                   ,                           ,
الرابع               ,fourth         ,Noun           ,4th                ,                           ,
الصديق               ,friend         ,Noun           ,                   ,                           ,
المقدمة              ,front          ,Noun           ,                   ,                           ,
اللعبة               ,game           ,Noun           ,                   ,                           ,
الحديقة              ,garden         ,Noun           ,                   ,                           ,
البنزين              ,gasoline       ,Noun           ,                   ,                           ,
الهديه               ,gift           ,Noun           ,                   ,                           ,
الفتاة               ,girl           ,Noun           ,                   ,                           ,
الصديقة              ,girlfriend     ,Noun           ,                   ,                           ,
الزجاج               ,glass          ,Noun           ,                   ,                           ,
الذهب                ,gold           ,Noun           ,                   ,                           ,
الخير                ,good           ,Noun           ,                   ,"better, best"             ,
الجد                 ,grandfather    ,Noun           ,                   ,                           ,
الجدة                ,grandmother    ,Noun           ,                   ,                           ,
العشب                ,grass          ,Noun           ,                   ,                           ,
الرمادي              ,gray           ,Noun           ,                   ,                           ,
الاخضر               ,green          ,Noun           ,                   ,                           ,
الارض                ,ground         ,Noun           ,                   ,                           ,
البندقية             ,gun            ,Noun           ,                   ,                           ,
الشعر                ,hair           ,Noun           ,                   ,                           ,
النصف                ,half           ,Noun           ,                   ,                           ,
اليد                 ,hand           ,Noun           ,                   ,                           ,
السعيد               ,happy          ,Noun           ,                   ,                           ,
الصعب                ,hard           ,Noun           ,                   ,                           ,
القبعة               ,hat            ,Noun           ,                   ,                           ,
هو                   ,he             ,Pronoun        ,                   ,"his, him, himself"        ,
الرأس                ,head           ,Noun           ,                   ,                           ,
الصحي                ,healthy        ,Noun           ,                   ,                           ,
السمع                ,hear           ,Noun           ,a sound            ,                           ,
القلب                ,heart          ,Noun           ,                   ,                           ,
الحرارة              ,heat           ,Noun           ,                   ,                           ,
الجنة                ,heaven         ,Noun           ,                   ,                           ,
الثقيل               ,heavy          ,Noun           ,                   ,                           ,
الجحيم               ,hell           ,Noun           ,                   ,                           ,
العالي               ,high           ,Noun           ,                   ,                           ,
التل                 ,hill           ,Noun           ,                   ,                           ,
الفتحة               ,hole           ,Noun           ,                   ,                           ,
الحصان               ,horse          ,Noun           ,                   ,                           ,
المستشفى             ,hospital       ,Noun           ,                   ,                           ,
الساخنة              ,hot            ,Noun           ,                   ,                           ,
الفندق               ,hotel          ,Noun           ,                   ,                           ,
ساعة                 ,hour           ,Noun           ,                   ,                           ,
المنزل               ,house          ,Noun           ,                   ,                           ,
الانسان              ,human          ,Noun           ,                   ,                           ,
المائة               ,hundred        ,Noun           ,                   ,                           ,
الزوج                ,husband        ,Noun           ,                   ,                           ,
الجليد               ,ice            ,Noun           ,                   ,                           ,
الصورة               ,image          ,Noun           ,                   ,                           ,
البوصة               ,inch           ,Noun           ,                   ,                           ,
الجرح                ,injury         ,Noun           ,                   ,                           ,
الداخل               ,inside         ,Noun           ,                   ,                           ,
الآلة                ,instrument     ,Noun           ,musical            ,                           ,
مثير للإعجاب         ,interesting    ,Adjective      ,                   ,                           ,
الجزيرة              ,island         ,Noun           ,                   ,                           ,
عليه                 ,it             ,Noun           ,                   ,                           ,
العمل                ,job            ,Noun           ,                   ,                           ,
القاضي               ,judge          ,Noun           ,Job                ,                           ,
العصير               ,juice          ,Noun           ,                   ,                           ,
المفتاح              ,key            ,Noun           ,                   ,                           ,
الكيلوغرام           ,kilogram       ,Noun           ,                   ,                           ,
الملك                ,king           ,Noun           ,                   ,                           ,
المطبخ               ,kitchen        ,Noun           ,                   ,                           ,
الركبة               ,knee           ,Noun           ,                   ,                           ,
السكين               ,knife          ,Noun           ,                   ,                           ,
البحيرة              ,lake           ,Noun           ,                   ,                           ,
المصباح              ,lamp           ,Noun           ,                   ,                           ,
الكمبيوتر المحمول    ,laptop         ,Noun           ,                   ,                           ,
المحامي              ,lawyer         ,Noun           ,                   ,                           ,
ورقة شجر             ,leaf           ,Noun           ,                   ,                           ,
اليسار               ,left           ,Noun           ,direction          ,                           ,
الساق                ,leg            ,Noun           ,                   ,                           ,
الليمون              ,lemon          ,Noun           ,                   ,                           ,
الرسالة              ,letter         ,Noun           ,                   ,                           ,
المكتبة              ,library        ,Noun           ,                   ,                           ,
الكذبة               ,lie            ,Noun           ,                   ,                           ,
خفيفة                ,light          ,Adjective      ,/dark              ,                           ,
خفيفة                ,light          ,Adjective      ,/heavy             ,                           ,
الضوء                ,light          ,Noun           ,                   ,                           ,
الشفة                ,lip            ,Noun           ,                   ,                           ,
القائمة              ,list           ,Noun           ,                   ,                           ,
الموقع               ,location       ,Noun           ,                   ,                           ,
القفل                ,lock           ,Noun           ,                   ,                           ,
الطويل               ,long           ,Noun           ,                   ,                           ,
فضفاضة               ,loose          ,Noun           ,                   ,                           ,
بصوت عال             ,loud           ,Noun           ,                   ,                           ,
الأقل                ,low            ,Noun           ,                   ,                           ,
الغداء               ,lunch          ,Noun           ,                   ,                           ,
المجلة               ,magazine       ,Noun           ,                   ,                           ,
الذكور               ,male           ,Noun           ,                   ,                           ,
الرجل                ,man            ,Noun           ,                   ,                           ,
المدير               ,manager        ,Noun           ,                   ,                           ,
الخريطة              ,map            ,Noun           ,                   ,                           ,
السوق                ,market         ,Noun           ,                   ,                           ,
الزواج               ,marriage       ,Noun           ,                   ,                           ,
المادة               ,material       ,Noun           ,                   ,                           ,
المعنى               ,mean           ,Noun           ,/nice              ,                           ,
الدواء               ,medicine       ,Noun           ,                   ,                           ,
الفوضى               ,mess           ,Noun           ,                   ,                           ,
المعدن               ,metal          ,Noun           ,                   ,                           ,
المتر                ,meter          ,Noun           ,                   ,                           ,
الحليب               ,milk           ,Noun           ,                   ,                           ,
المليون              ,million        ,Noun           ,                   ,                           ,
الدقيقة              ,minute         ,Noun           ,                   ,                           ,
الأم                 ,mom            ,Noun           ,                   ,Mommy                      ,
المال                ,money          ,Noun           ,                   ,                           ,
الشهر                ,month          ,Noun           ,                   ,                           ,
القمر                ,moon           ,Noun           ,                   ,                           ,
الصباح               ,morning        ,Noun           ,                   ,                           ,
الأم                 ,mother         ,Noun           ,                   ,                           ,
الجبل                ,mountain       ,Noun           ,                   ,                           ,
الفأر                ,mouse          ,Noun           ,                   ,                           ,
الفم                 ,mouth          ,Noun           ,                   ,                           ,
الفيلم               ,movie          ,Noun           ,                   ,                           ,
القاتل               ,murder         ,Noun           ,                   ,                           ,
الموسيقى             ,music          ,Noun           ,                   ,                           ,
الضيق                ,narrow         ,Noun           ,                   ,                           ,
الطبيعة              ,nature         ,Noun           ,                   ,                           ,
قرب                  ,near           ,Adverb         ,                   ,                           ,
الرقبة               ,neck           ,Noun           ,                   ,                           ,
الإبرة               ,needle         ,Noun           ,                   ,                           ,
الجار                ,neighbor       ,Noun           ,                   ,                           ,
لا هذا ولا ذاك       ,neither        ,Adverb         ,                   ,                           ,
الشبكة               ,network        ,Noun           ,                   ,                           ,
الجديد               ,new            ,Noun           ,                   ,                           ,
الجريدة              ,newspaper      ,Noun           ,                   ,                           ,
الجيد                ,nice           ,Noun           ,                   ,                           ,
الليل                ,night          ,Noun           ,                   ,                           ,
التسعة               ,nine           ,Noun           ,                   ,                           ,
التسعة عشر           ,nineteen       ,Noun           ,                   ,                           ,
التسعين              ,ninety         ,Noun           ,                   ,                           ,
لا                   ,no             ,Noun           ,                   ,                           ,
ولا                  ,nor            ,Conjunction    ,                   ,                           ,
الشمال               ,north          ,Noun           ,                   ,                           ,
الانف                ,nose           ,Noun           ,                   ,                           ,
المذكرة              ,note           ,Noun           ,on paper           ,                           ,
اللاشيء              ,nothing        ,Noun           ,                   ,                           ,
النووي               ,nuclear        ,Noun           ,                   ,                           ,
الرقم                ,number         ,Noun           ,                   ,                           ,
المحيط               ,ocean          ,Noun           ,                   ,                           ,
المكتب               ,office         ,Noun           ,                   ,                           ,
الزيت                ,oil            ,Noun           ,                   ,                           ,
القديم               ,old            ,Noun           ,/new               ,                           ,
القديم               ,old            ,Noun           ,/young             ,                           ,
الواحد               ,one            ,Noun           ,                   ,                           ,
المائة               ,one hundred    ,Noun           ,                   ,                           ,
المليون              ,one million    ,Noun           ,                   ,                           ,
الألف                ,one thousand   ,Noun           ,                   ,                           ,
أو                   ,or             ,Conjunction    ,                   ,                           ,
البرتقالة            ,orange         ,Noun           ,color              ,                           ,
البرتقالة            ,orange         ,Noun           ,food               ,                           ,
الخارج               ,outside        ,Noun           ,                   ,                           ,
الصفحة               ,page           ,Noun           ,                   ,                           ,
الألم                ,pain           ,Noun           ,                   ,                           ,
الطلاء               ,paint          ,Noun           ,                   ,                           ,
السراويل             ,pants          ,Noun           ,                   ,                           ,
الورقة               ,paper          ,Noun           ,                   ,                           ,
الاباء               ,parent         ,Noun           ,                   ,                           ,
الحديقة              ,park           ,Noun           ,location           ,                           ,
المريض               ,patient        ,Noun           ,                   ,                           ,
النمط                ,pattern        ,Noun           ,                   ,                           ,
السلام               ,peace          ,Noun           ,                   ,                           ,
القلم                ,pen            ,Noun           ,                   ,                           ,
القلم                ,pencil         ,Noun           ,                   ,                           ,
الشخص                ,person         ,Noun           ,                   ,                           ,
الهاتف               ,phone          ,Noun           ,                   ,                           ,
الصورة               ,photograph     ,Noun           ,                   ,                           ,
القطعة               ,piece          ,Noun           ,                   ,                           ,
الخنزير              ,pig            ,Noun           ,                   ,                           ,
وردي                 ,pink           ,Noun           ,                   ,                           ,
الخطة                ,plan           ,Noun           ,                   ,                           ,
الطائرة              ,plane          ,Noun           ,                   ,                           ,
النبات               ,plant          ,Noun           ,                   ,                           ,
البلاستيك            ,plastic        ,Noun           ,                   ,                           ,
الطبق                ,plate          ,Noun           ,                   ,                           ,
اللاعب               ,player         ,Noun           ,                   ,                           ,
الجيب                ,pocket         ,Noun           ,                   ,                           ,
السم                 ,poison         ,Noun           ,                   ,                           ,
الشرطة               ,police         ,Noun           ,                   ,                           ,
المسبح               ,pool           ,Noun           ,                   ,                           ,
الفقير               ,poor           ,Noun           ,                   ,                           ,
لحم الخنزير          ,pork           ,Noun           ,                   ,                           ,
ربما                 ,possibly       ,Adverb         ,                   ,                           ,
الجنيه               ,pound          ,Noun           ,weight             ,                           ,
الرئيس               ,president      ,Noun           ,                   ,                           ,
السعر                ,price          ,Noun           ,                   ,                           ,
الكاهن               ,priest         ,Noun           ,                   ,                           ,
السجن                ,prison         ,Noun           ,                   ,                           ,
خاص                  ,private        ,Adjective      ,                   ,                           ,
البرنامج             ,program        ,Noun           ,computer           ,                           ,
عام                  ,public         ,Adjective      ,                   ,                           ,
الملكة               ,queen          ,Noun           ,                   ,                           ,
الهدوء               ,quiet          ,Noun           ,                   ,                           ,
السباق               ,race           ,Noun           ,ethnicity          ,                           ,
السباق               ,race           ,Noun           ,sport              ,                           ,
الراديو              ,radio          ,Noun           ,                   ,                           ,
المطر                ,rain           ,Noun           ,                   ,                           ,
الاحمر               ,red            ,Noun           ,                   ,                           ,
الدين                ,religion       ,Noun           ,                   ,                           ,
المراسل              ,reporter       ,Noun           ,                   ,                           ,
المطعم               ,restaurant     ,Noun           ,                   ,                           ,
الرز                 ,rice           ,Noun           ,                   ,                           ,
الغني                ,rich           ,Noun           ,                   ,                           ,
الحق                 ,right          ,Noun           ,direction          ,                           ,
الخاتم               ,ring           ,Noun           ,                   ,                           ,
النهر                ,river          ,Noun           ,                   ,                           ,
السطح                ,roof           ,Noun           ,                   ,                           ,
الغرفة               ,room           ,Noun           ,in a house         ,                           ,
الجذر                ,root           ,Noun           ,                   ,                           ,
الحزن                ,sad            ,Noun           ,                   ,                           ,
الملح                ,salt           ,Noun           ,                   ,                           ,
الرمل                ,sand           ,Noun           ,                   ,                           ,
المدرسة              ,school         ,Noun           ,                   ,                           ,
العلم                ,science        ,Noun           ,                   ,                           ,
الشاشة               ,screen         ,Noun           ,                   ,                           ,
البحر                ,sea            ,Noun           ,                   ,                           ,
الفصل                ,season         ,Noun           ,                   ,                           ,
الثاني               ,second         ,Noun           ,2nd                ,                           ,
الثاني               ,second         ,Noun           ,time               ,                           ,
السكرتارية           ,secretary      ,Noun           ,                   ,                           ,
البذور               ,seed           ,Noun           ,                   ,                           ,
السبع                ,seven          ,Noun           ,                   ,                           ,
السبعة عشر           ,seventeen      ,Noun           ,                   ,                           ,
السبعين              ,seventy        ,Noun           ,                   ,                           ,
الجنس                ,sex            ,Noun           ,act                ,                           ,
الجنس                ,sex            ,Noun           ,gender             ,                           ,
الضحلة               ,shallow        ,Noun           ,                   ,                           ,
هي                   ,she            ,Noun           ,                   ,"her, hers, herself"       ,
السفينة              ,ship           ,Noun           ,                   ,                           ,
القميص               ,shirt          ,Noun           ,                   ,                           ,
الأحذية              ,shoes          ,Noun           ,                   ,                           ,
قصيرة                ,short          ,Adjective      ,long               ,                           ,
قصيرة                ,short          ,Adjective      ,vs. tall           ,                           ,
الكتف                ,shoulder       ,Noun           ,                   ,                           ,
المرضى               ,sick           ,Noun           ,                   ,                           ,
الجانب               ,side           ,Noun           ,                   ,                           ,
الإشارة              ,sign           ,Noun           ,                   ,                           ,
الفضة                ,silver         ,Noun           ,                   ,                           ,
الأخت                ,sister         ,Noun           ,                   ,                           ,
ستة                  ,six            ,Noun           ,                   ,                           ,
الستة عشر            ,sixteen        ,Noun           ,                   ,                           ,
الستين               ,sixty          ,Noun           ,                   ,                           ,
الجلد                ,skin           ,Noun           ,                   ,                           ,
التنورة              ,skirt          ,Noun           ,                   ,                           ,
السماء               ,sky            ,Noun           ,                   ,                           ,
البطئ                ,slow           ,Noun           ,                   ,                           ,
الصغير / الصغير      ,small/little   ,Noun           ,                   ,                           ,
الثلج                ,snow           ,Noun           ,                   ,                           ,
الصابون              ,soap           ,Noun           ,                   ,                           ,
اللين                ,soft           ,Noun           ,                   ,                           ,
التربة / الأرض       ,soil/earth     ,Noun           ,                   ,                           ,
الجندي               ,soldier        ,Noun           ,                   ,                           ,
الإبن                ,son            ,Noun           ,                   ,                           ,
الأغنية              ,song           ,Noun           ,                   ,                           ,
الصوت                ,sound          ,Noun           ,                   ,                           ,
الحساء               ,soup           ,Noun           ,                   ,                           ,
الجنوب               ,south          ,Noun           ,                   ,                           ,
الفضاء               ,space          ,Noun           ,outer space        ,                           ,
الملعقة              ,spoon          ,Noun           ,                   ,                           ,
الرياضة              ,sport          ,Noun           ,                   ,                           ,
الربيع               ,spring         ,Noun           ,season             ,                           ,
المربع               ,square         ,Noun           ,                   ,                           ,
وصمة عار             ,stain          ,Noun           ,                   ,                           ,
النجم                ,star           ,Noun           ,                   ,                           ,
المحطة               ,station        ,Noun           ,                   ,                           ,
الحجر                ,stone          ,Noun           ,                   ,                           ,
المتجر / المحل       ,store/shop     ,Noun           ,                   ,                           ,
المستقيم             ,straight       ,Noun           ,                   ,                           ,
الشارع / الطريق      ,street/road    ,Noun           ,                   ,                           ,
القوي                ,strong         ,Noun           ,                   ,                           ,
الطالب               ,student        ,Noun           ,                   ,                           ,
السكر                ,sugar          ,Noun           ,                   ,                           ,
البدلة               ,suit           ,Noun           ,                   ,                           ,
الصيف                ,summer         ,Noun           ,                   ,                           ,
الشمس                ,sun            ,Noun           ,                   ,                           ,
الحلو                ,sweat          ,Noun           ,                   ,                           ,
الطاولة              ,table          ,Noun           ,                   ,                           ,
الطويل               ,tall           ,Noun           ,                   ,                           ,
الشاي                ,tea            ,Noun           ,                   ,                           ,
المعلم               ,teacher        ,Noun           ,                   ,                           ,
الفريق               ,team           ,Noun           ,                   ,                           ,
المسيل للدموع        ,tear           ,Noun           ,drop               ,                           ,
التكنولوجيا          ,technology     ,Noun           ,                   ,                           ,
الهاتف_              ,telephone_     ,Noun           ,                   ,                           ,
التلفاز              ,television     ,Noun           ,                   ,                           ,
درجة الحرارة         ,temperature    ,Noun           ,                   ,                           ,
العشرة               ,ten            ,Noun           ,                   ,                           ,
العشرة آلاف          ,ten thousand   ,Noun           ,                   ,                           ,
المسرح               ,theater        ,Noun           ,                   ,                           ,
أنهم                 ,they           ,Pronoun        ,                   ,"them, their, theirs"      ,
السميك               ,thick          ,Noun           ,                   ,                           ,
رقيقة                ,thin           ,Noun           ,                   ,                           ,
الثالث               ,third          ,Noun           ,3rd                ,                           ,
الثلاثة عشر          ,thirteen       ,Noun           ,                   ,                           ,
الثلاثين             ,thirty         ,Noun           ,                   ,                           ,
الألف                ,thousand       ,Noun           ,                   ,                           ,
الثلاثة              ,three          ,Noun           ,                   ,                           ,
التذكرة              ,ticket         ,Noun           ,train              ,                           ,
ضيق                  ,tight          ,Noun           ,                   ,                           ,
الوقت                ,time           ,Noun           ,                   ,                           ,
الاطارات             ,tire           ,Noun           ,of a car           ,                           ,
أن تكون              ,to be          ,Verb           ,                   ,                           ,
ليهزم                ,to beat        ,Verb           ,                   ,                           ,
لتبدأ                ,to begin       ,Verb           ,                   ,                           ,
للانحناء             ,to bend        ,Verb           ,                   ,                           ,
خرق                  ,to break       ,Verb           ,                   ,                           ,
حتى الغليان          ,to boil        ,Verb           ,                   ,                           ,
لبناء                ,to build       ,Verb           ,                   ,                           ,
ليحرق                ,to burn        ,Verb           ,                   ,                           ,
للشراء               ,to buy         ,Verb           ,                   ,                           ,
للإتصال              ,to call        ,Verb           ,                   ,                           ,
ليحمل                ,to carry       ,Verb           ,                   ,                           ,
لالغاء               ,to cancel      ,Verb           ,                   ,                           ,
يعتني                ,to care        ,Verb           ,                   ,                           ,
للإمساك              ,to catch       ,Verb           ,                   ,                           ,
لتسبب                ,to cause       ,Verb           ,                   ,                           ,
لينظف                ,to clean       ,Verb           ,                   ,                           ,
لإغلاق               ,to close       ,Verb           ,                   ,                           ,
ليأتي                ,to come        ,Verb           ,                   ,                           ,
لمقارنة              ,to compare     ,Verb           ,                   ,                           ,
للمنافسة             ,to compete     ,Verb           ,                   ,                           ,
للاتصال              ,to connect     ,Verb           ,                   ,                           ,
للطبخ                ,to cook        ,Verb           ,                   ,                           ,
للعد                 ,to count       ,Verb           ,                   ,                           ,
يبكي                 ,to cry         ,Verb           ,                   ,                           ,
لقطع                 ,to cut         ,Verb           ,                   ,                           ,
للرقص                ,to dance       ,Verb           ,                   ,                           ,
ليستحق               ,to deserve     ,Verb           ,                   ,                           ,
حتى الموت            ,to die         ,Verb           ,                   ,                           ,
لحفر                 ,to dig         ,Verb           ,                   ,                           ,
لكى يفعل             ,to do          ,Verb           ,                   ,                           ,
الى الاسفل           ,to down        ,Verb           ,                   ,                           ,
ليرسم                ,to draw        ,Verb           ,                   ,                           ,
لباس                 ,to dress       ,Verb           ,                   ,                           ,
ليشرب                ,to drink       ,Verb           ,                   ,                           ,
للقيادة              ,to drive       ,Verb           ,                   ,                           ,
لتناول الطعام        ,to eat         ,Verb           ,                   ,                           ,
للإستمتاع            ,to enjoy       ,Verb           ,                   ,                           ,
لتنفجر               ,to explode     ,Verb           ,                   ,                           ,
ليقع او يسقط         ,to fall        ,Verb           ,                   ,                           ,
لكي تطعم             ,to feed        ,Verb           ,                   ,                           ,
ليقاتل               ,to fight       ,Verb           ,                   ,                           ,
لايجاد               ,to find        ,Verb           ,                   ,                           ,
لانهاء               ,to finish      ,Verb           ,                   ,                           ,
لإصلاح               ,to fix         ,Verb           ,                   ,                           ,
للطيران              ,to fly         ,Verb           ,                   ,                           ,
للمتابعة             ,to follow      ,Verb           ,                   ,                           ,
لكي أعطي             ,to give        ,Verb           ,                   ,                           ,
توجو                 ,to go          ,Verb           ,                   ,                           ,
ينمو                 ,to grow        ,Verb           ,                   ,                           ,
لتعليق               ,to hang        ,Verb           ,                   ,                           ,
امتلاك               ,to have        ,Verb           ,                   ,                           ,
للمساعدة             ,to help        ,Verb           ,                   ,                           ,
ليمسك                ,to hold        ,Verb           ,                   ,                           ,
لتقفز                ,to jump        ,Verb           ,                   ,                           ,
لتحفظ                ,to keep        ,Verb           ,                   ,                           ,
ليقتل                ,to kill        ,Verb           ,                   ,                           ,
لتقبيل               ,to kiss        ,Verb           ,                   ,                           ,
لتضحك                ,to laugh       ,Verb           ,                   ,                           ,
ليتعلم               ,to learn       ,Verb           ,                   ,                           ,
لرفع                 ,to lift        ,Verb           ,                   ,                           ,
للاستماع             ,to listen      ,Verb           ,to music           ,                           ,
لتخسر                ,to lose        ,Verb           ,                   ,                           ,
يحب                  ,to love        ,Verb           ,                   ,                           ,
للزواج               ,to marry       ,Verb           ,                   ,                           ,
لكي نلتقي            ,to meet        ,Verb           ,                   ,                           ,
ليذوب                ,to melt        ,Verb           ,                   ,                           ,
ذكر                  ,to mention     ,Verb           ,                   ,                           ,
لخلط / تقليب         ,to mix/stir    ,Verb           ,                   ,                           ,
لفتح                 ,to open        ,Verb           ,                   ,                           ,
ليمر                 ,to pass        ,Verb           ,                   ,                           ,
للدفع                ,to pay         ,Verb           ,                   ,                           ,
للعب                 ,to play        ,Verb           ,                   ,                           ,
للصلاة               ,to pray        ,Verb           ,                   ,                           ,
لسحب                 ,to pull        ,Verb           ,                   ,                           ,
يدفع                 ,to push        ,Verb           ,                   ,                           ,
لوضع                 ,to put         ,Verb           ,                   ,                           ,
لتحترم               ,to respect     ,Verb           ,                   ,                           ,
يهرب                 ,to run         ,Verb           ,                   ,                           ,
لترى                 ,to see         ,Verb           ,a bird             ,                           ,
للبيع                ,to sell        ,Verb           ,                   ,                           ,
أن يهز               ,to shake       ,Verb           ,                   ,                           ,
لاطلاق النار         ,to shoot       ,Noun           ,a gun              ,                           ,
للتوقيع              ,to sign        ,Verb           ,                   ,                           ,
ليغني                ,to sing        ,Verb           ,                   ,                           ,
للجلوس               ,to sit         ,Verb           ,                   ,                           ,
للنوم                ,to sleep       ,Verb           ,                   ,                           ,
يشم                  ,to smell       ,Verb           ,                   ,                           ,
أن تبتسم             ,to smile       ,Verb           ,                   ,                           ,
للتحدث / القول       ,to speak/say   ,Verb           ,                   ,                           ,
ليصرف                ,to spend       ,Verb           ,                   ,                           ,
للوقوف               ,to stand       ,Verb           ,                   ,                           ,
لتبقى                ,to stay        ,Verb           ,                   ,                           ,
للتوقف               ,to stop        ,Verb           ,                   ,                           ,
يفاجئ                ,to surprise    ,Verb           ,                   ,                           ,
للسباحة              ,to swim        ,Verb           ,                   ,                           ,
يأخذ                 ,to take        ,Verb           ,                   ,                           ,
ليتذوق               ,to taste       ,Verb           ,                   ,                           ,
لتعليم               ,to teach       ,Verb           ,                   ,                           ,
ليفكر                ,to think       ,Verb           ,                   ,                           ,
لرمي                 ,to throw       ,Verb           ,                   ,                           ,
للمس                 ,to touch       ,Verb           ,                   ,                           ,
للإلتفاف             ,to turn        ,Verb           ,                   ,                           ,
لتصل                 ,to up          ,Verb           ,                   ,                           ,
يمشي                 ,to walk        ,Verb           ,                   ,                           ,
لغسل                 ,to wash        ,Verb           ,                   ,                           ,
لمشاهدة              ,to watch       ,Verb           ,(TV)               ,                           ,
ليرتدي               ,to wear        ,Verb           ,                   ,                           ,
ليرتدي               ,to wear        ,Verb           ,                   ,                           ,
للفوز                ,to win         ,Verb           ,                   ,                           ,
للعمل                ,to work        ,Verb           ,                   ,                           ,
لأكتب                ,to write       ,Verb           ,                   ,                           ,
اصبع القدم           ,toe            ,Noun           ,                   ,                           ,
اللسان               ,tongue         ,Noun           ,                   ,                           ,
الأداة               ,tool           ,Noun           ,                   ,                           ,
السن                 ,tooth          ,Noun           ,                   ,                           ,
الأعلى               ,top            ,Noun           ,                   ,                           ,
المدينة              ,town           ,Noun           ,                   ,                           ,
القطار               ,train          ,Noun           ,                   ,                           ,
المواصلات            ,transportation ,Noun           ,                   ,                           ,
الشجرة               ,tree           ,Noun           ,                   ,                           ,
شاحنة                ,truck          ,Noun           ,                   ,                           ,
الاثني عشر           ,twelve         ,Noun           ,                   ,                           ,
العشرين              ,twenty         ,Noun           ,                   ,                           ,
الواحد والعشرون      ,twenty one     ,Noun           ,                   ,                           ,
الاثنان              ,two            ,Noun           ,                   ,                           ,
المئتان              ,two hundred    ,Noun           ,                   ,                           ,
القبيح               ,ugly           ,Noun           ,                   ,                           ,
العم                 ,uncle          ,Noun           ,                   ,                           ,
الجامعة              ,university     ,Noun           ,                   ,                           ,
ويصل                 ,up             ,Noun           ,                   ,                           ,
الوادي               ,valley         ,Noun           ,                   ,                           ,
الفعل                ,verb           ,Noun           ,                   ,                           ,
الضحية               ,victim         ,Noun           ,                   ,                           ,
الصوت                ,voice          ,Noun           ,                   ,                           ,
حرف العلة            ,vowel          ,Noun           ,                   ,                           ,
النادل               ,waiter         ,Noun           ,                   ,                           ,
الاستيقاظ            ,wake           ,Noun           ,                   ,                           ,
الحائط               ,wall           ,Noun           ,                   ,                           ,
الحرب                ,war            ,Noun           ,                   ,                           ,
دافيء                ,warm           ,Adjective      ,                   ,                           ,
الماء                ,water          ,Noun           ,                   ,                           ,
الموجة               ,wave           ,Noun           ,ocean              ,                           ,
نحن                  ,we             ,Pronoun        ,                   ,"us, our, ours, ourselves" ,
الضعف                ,weak           ,Noun           ,                   ,                           ,
الزفاف               ,wedding        ,Noun           ,                   ,                           ,
الإسبوع              ,week           ,Noun           ,                   ,                           ,
الإسبوع              ,week           ,Noun           ,                   ,                           ,
عطلة نهاية الاسبوع   ,weekend        ,Noun           ,                   ,                           ,
وزن                  ,weigh          ,Verb           ,                   ,                           ,
الوزن                ,weight         ,Noun           ,                   ,                           ,
الوزن                ,weight         ,Noun           ,                   ,                           ,
البئر                ,well           ,Noun           ,                   ,                           ,
الغرب                ,west           ,Noun           ,                   ,                           ,
الغرب                ,west           ,Noun           ,                   ,                           ,
الغرب                ,western        ,Noun           ,                   ,                           ,
الرطب                ,wet            ,Noun           ,adj.               ,                           ,
ماذا                 ,what           ,Noun           ,                   ,                           ,
متى                  ,when           ,Noun           ,                   ,                           ,
المكان               ,where          ,Noun           ,                   ,                           ,
سواء                 ,whether        ,Adverb         ,                   ,                           ,
والتي                ,which          ,Noun           ,                   ,                           ,
في حين أن            ,while          ,Noun           ,                   ,                           ,
الابيض               ,white          ,Noun           ,                   ,                           ,
الابيض               ,white          ,Noun           ,                   ,                           ,
منظمة الصحة العالمية ,who            ,Noun           ,                   ,                           ,
الكل                 ,whole          ,Noun           ,                   ,                           ,
لماذا                ,why            ,Noun           ,                   ,                           ,
الواسع               ,wide           ,Noun           ,                   ,                           ,
الواسع               ,wide           ,Noun           ,                   ,                           ,
الزوجة               ,wife           ,Noun           ,                   ,                           ,
الزوجة               ,wife           ,Noun           ,                   ,                           ,
البرية               ,wild           ,Noun           ,                   ,                           ,
الارادة              ,will           ,Noun           ,                   ,                           ,
الفوز                ,win            ,Noun           ,                   ,                           ,
الريح                ,wind           ,Noun           ,                   ,                           ,
الريح                ,wind           ,Noun           ,                   ,                           ,
النافذة              ,window         ,Noun           ,                   ,                           ,
النافذة              ,window         ,Noun           ,                   ,                           ,
النبيذ               ,wine           ,Noun           ,                   ,                           ,
النبيذ               ,wine           ,Noun           ,                   ,                           ,
الجناح               ,wing           ,Noun           ,                   ,                           ,
الجناح               ,wing           ,Noun           ,                   ,                           ,
الفائز               ,winner         ,Noun           ,                   ,                           ,
الشتاء               ,winter         ,Noun           ,                   ,                           ,
الشتاء               ,winter         ,Noun           ,                   ,                           ,
السلك                ,wire           ,Noun           ,                   ,                           ,
المرأة               ,woman          ,Noun           ,                   ,                           ,
الخشب                ,wood           ,Noun           ,                   ,                           ,
العالم               ,world          ,Noun           ,                   ,                           ,
الفناء               ,yard           ,Noun           ,                   ,                           ,
السنة                ,year           ,Noun           ,                   ,                           ,
الأصفر               ,yellow         ,Noun           ,                   ,                           ,
نعم                  ,yes            ,Noun           ,                   ,                           ,
أنت                  ,you            ,Pronoun        ,singular/plural    ,"your, yours, yourself"    ,
الصغير               ,young          ,Noun           ,                   ,                           ,
الصفر                ,zero           ,Noun           ,                   ,                           ,
