fr                   ,en             ,Part of Speech ,Notes              ,Related                    ,
le mois d'avril      ,April          ,Noun           ,                   ,                           ,
le mois d'août       ,August         ,Noun           ,                   ,                           ,
le décembre          ,December       ,Noun           ,                   ,                           ,
le février           ,February       ,Noun           ,                   ,                           ,
le vendredi          ,Friday         ,Noun           ,                   ,                           ,
je                   ,I              ,Pronoun        ,                   ,"me, my, mine, myself"     ,
le mois de janvier   ,January        ,Noun           ,                   ,                           ,
le mois de juillet   ,July           ,Noun           ,                   ,                           ,
le mois de juin      ,June           ,Noun           ,                   ,                           ,
la marche            ,March          ,Noun           ,                   ,                           ,
le mai               ,May            ,Noun           ,                   ,                           ,
le lundi             ,Monday         ,Noun           ,                   ,                           ,
le novembre          ,November       ,Noun           ,                   ,                           ,
le mois d'octobre    ,October        ,Noun           ,                   ,                           ,
le samedi            ,Saturday       ,Noun           ,                   ,                           ,
le septembre         ,September      ,Noun           ,                   ,                           ,
le dimanche          ,Sunday         ,Noun           ,                   ,                           ,
le jeudi             ,Thursday       ,Noun           ,                   ,                           ,
le mardi             ,Tuesday        ,Noun           ,                   ,                           ,
le mercredi          ,Wednesday      ,Noun           ,                   ,                           ,
La terre             ,earth          ,Noun           ,                   ,                           ,
le Dieu              ,god            ,Noun           ,                   ,                           ,
le T-shirt           ,t-shirt        ,Noun           ,                   ,                           ,
l'acteur             ,actor          ,Noun           ,                   ,                           ,
l'adjectif           ,adjective      ,Noun           ,                   ,                           ,
l'adulte             ,adult          ,Noun           ,                   ,                           ,
l'après-midi         ,afternoon      ,Noun           ,                   ,                           ,
l'air                ,air            ,Noun           ,                   ,                           ,
l'aéroport           ,airport        ,Noun           ,                   ,                           ,
le vivant            ,alive          ,Noun           ,                   ,                           ,
et                   ,and            ,Conjunction    ,                   ,                           ,
l'animal             ,animal         ,Noun           ,                   ,                           ,
la réponse           ,answer         ,Noun           ,                   ,                           ,
le n'importe quoi    ,anything       ,Noun           ,                   ,                           ,
une part             ,apart          ,Adverb         ,                   ,                           ,
l'appartement        ,apartment      ,Noun           ,                   ,                           ,
la pomme             ,apple          ,Noun           ,                   ,                           ,
le bras              ,arm            ,Noun           ,                   ,                           ,
l'armée              ,army           ,Noun           ,                   ,                           ,
les environs         ,around         ,Noun           ,                   ,                           ,
L'art                ,art            ,Noun           ,                   ,                           ,
l'artiste            ,artist         ,Noun           ,                   ,                           ,
comme                ,as             ,Conjunction    ,                   ,                           ,
à                    ,at             ,Conjunction    ,                   ,.                          
l'attaque            ,attack         ,Noun           ,                   ,                           ,
l'attention          ,attention      ,Noun           ,                   ,                           ,
la tante             ,aunt           ,Noun           ,                   ,                           ,
le loin              ,away           ,Noun           ,                   ,                           ,
l'auteur             ,author         ,Noun           ,                   ,                           ,
le bébé              ,baby           ,Noun           ,                   ,                           ,
l'arrière            ,back           ,Noun           ,body               ,                           ,
l'arrière            ,back           ,Noun           ,direction          ,                           ,
le mauvais           ,bad            ,Noun           ,                   ,"worse, worst"             ,
le sac               ,bag            ,Noun           ,                   ,                           ,
le ballon            ,ball           ,Noun           ,                   ,                           ,
la banane            ,banana         ,Noun           ,                   ,                           ,
Le groupe            ,band           ,Noun           ,music              ,                           ,
la Banque            ,bank           ,Noun           ,                   ,                           ,
le bar               ,bar            ,Noun           ,Location           ,                           ,
la base              ,base           ,Noun           ,                   ,                           ,
la chauve-souris     ,bat            ,Noun           ,                   ,                           ,
la salle de bain     ,bathroom       ,Noun           ,                   ,                           ,
la plage             ,beach          ,Noun           ,                   ,                           ,
l'ours               ,bear           ,Noun           ,                   ,                           ,
la barbe             ,beard          ,Noun           ,                   ,                           ,
le beau              ,beautiful      ,Noun           ,                   ,                           ,
le lit               ,bed            ,Noun           ,                   ,                           ,
la chambre           ,bedroom        ,Noun           ,                   ,                           ,
l'abeille            ,bee            ,Noun           ,                   ,                           ,
le boeuf             ,beef           ,Noun           ,                   ,                           ,
la bière             ,beer           ,Noun           ,                   ,                           ,
avant de             ,before         ,Preposition    ,                   ,                           ,
derrière             ,behind         ,Preposition    ,                   ,                           ,
la cloche            ,bell           ,Noun           ,                   ,                           ,
le ventre            ,belly          ,Noun           ,                   ,                           ,
la boisson           ,beverage       ,Noun           ,                   ,                           ,
la bicyclette        ,bicycle        ,Noun           ,                   ,                           ,
le grand/grand       ,big/large      ,Noun           ,                   ,                           ,
le projet de loi     ,bill           ,Noun           ,                   ,                           ,
le milliard          ,billion        ,Noun           ,                   ,                           ,
l'oiseau             ,bird           ,Noun           ,                   ,                           ,
l'anniversaire       ,birthday       ,Noun           ,                   ,                           ,
le noir              ,black          ,Noun           ,                   ,                           ,
aveugle              ,blind          ,Adjective      ,                   ,                           ,
le bloc              ,block          ,Noun           ,                   ,                           ,
le sang              ,blood          ,Noun           ,                   ,                           ,
le souffle           ,blow           ,Noun           ,                   ,                           ,
bleu                 ,blue           ,Adjective      ,                   ,                           ,
le bateau            ,boat           ,Noun           ,                   ,                           ,
le corps             ,body           ,Noun           ,                   ,                           ,
l'os                 ,bone           ,Noun           ,                   ,                           ,
le livre             ,book           ,Noun           ,                   ,                           ,
la frontière         ,border         ,Noun           ,                   ,                           ,
la bouteille         ,bottle         ,Noun           ,                   ,                           ,
le fond              ,bottom         ,Noun           ,                   ,                           ,
le bol               ,bowl           ,Noun           ,                   ,                           ,
la boîte             ,box            ,Noun           ,                   ,                           ,
le garçon            ,boy            ,Noun           ,                   ,                           ,
le petit ami         ,boyfriend      ,Noun           ,                   ,                           ,
le cerveau           ,brain          ,Noun           ,                   ,                           ,
le pain              ,bread          ,Noun           ,                   ,                           ,
le petit déjeuner    ,breakfast      ,Noun           ,                   ,                           ,
le pont              ,bridge         ,Noun           ,                   ,                           ,
le frère             ,brother        ,Noun           ,                   ,                           ,
le Brun              ,brown          ,Noun           ,                   ,                           ,
le bâtiment          ,building       ,Noun           ,                   ,                           ,
Le bus               ,bus            ,Noun           ,                   ,                           ,
mais                 ,but            ,Conjunction    ,                   ,                           ,
le gâteau            ,cake           ,Noun           ,                   ,                           ,
l'appareil photo     ,camera         ,Noun           ,                   ,                           ,
le camp              ,camp           ,Noun           ,                   ,                           ,
boîte                ,can            ,Verb           ,                   ,                           ,
la bougie            ,candle         ,Noun           ,                   ,                           ,
le capuchon          ,cap            ,Noun           ,                   ,                           ,
la voiture           ,car            ,Noun           ,                   ,                           ,
la carte             ,card           ,Noun           ,                   ,                           ,
la carrière          ,career         ,Noun           ,                   ,                           ,
la carotte           ,carrot         ,Noun           ,                   ,                           ,
le chat              ,cat            ,Noun           ,                   ,                           ,
le plafond           ,ceiling        ,Noun           ,                   ,                           ,
la cellule           ,cell           ,Noun           ,                   ,                           ,
le centime           ,cent           ,Noun           ,                   ,                           ,
le centre            ,center         ,Noun           ,                   ,                           ,
le siècle            ,century        ,Noun           ,                   ,                           ,
le centimètre        ,centimeter     ,Noun           ,                   ,                           ,
certain              ,certain        ,Adjective      ,                   ,                           ,
la chaise            ,chair          ,Noun           ,                   ,                           ,
le pas cher          ,cheap          ,Noun           ,                   ,                           ,
le fromage           ,cheese         ,Noun           ,                   ,                           ,
le poulet            ,chicken        ,Noun           ,                   ,                           ,
l'enfant             ,child          ,Noun           ,                   ,                           ,
le menton            ,chin           ,Noun           ,                   ,                           ,
l'église             ,church         ,Noun           ,                   ,                           ,
le cercle            ,circle         ,Noun           ,                   ,                           ,
la ville             ,city           ,Noun           ,                   ,                           ,
l'argile             ,clay           ,Noun           ,                   ,                           ,
la classe            ,class          ,Noun           ,                   ,                           ,
nettoyer             ,clean          ,Adjective      ,                   ,                           ,
l'horloge            ,clock          ,Noun           ,                   ,                           ,
proche               ,close          ,Adverb         ,                   ,                           ,
l'habillement        ,clothing       ,Noun           ,                   ,clothes                    ,
l'horloge            ,clock          ,Noun           ,                   ,                           ,
le tissu             ,cloth          ,Noun           ,                   ,                           ,
le nuage             ,cloud          ,Noun           ,                   ,                           ,
le club              ,club           ,Noun           ,location           ,                           ,
le manteau           ,coat           ,Noun           ,                   ,                           ,
le café              ,coffee         ,Noun           ,                   ,                           ,
le froid             ,cold           ,Noun           ,                   ,                           ,
la couleur           ,color          ,Noun           ,                   ,                           ,
le Comité            ,committee      ,Noun           ,                   ,                           ,
l'entreprise         ,company        ,Noun           ,                   ,                           ,
l'ordinateur         ,computer       ,Noun           ,                   ,                           ,
le complexe          ,complex        ,Noun           ,                   ,                           ,
la consonne          ,consonant      ,Noun           ,                   ,                           ,
la condition         ,condition      ,Noun           ,                   ,                           ,
le contrat           ,contract       ,Noun           ,                   ,                           ,
cool                 ,cool           ,Adjective      ,                   ,                           ,
le cuivre            ,copper         ,Noun           ,                   ,                           ,
le mais              ,corn           ,Noun           ,                   ,                           ,
le coin              ,corner         ,Noun           ,                   ,                           ,
le pays              ,country        ,Noun           ,(e.g. USA & Spain) ,                           ,
le tribunal          ,court          ,Noun           ,                   ,                           ,
la couverture        ,cover          ,Noun           ,                   ,                           ,
la vache             ,cow            ,Noun           ,                   ,                           ,
la foule             ,crowd          ,Noun           ,                   ,                           ,
la tasse             ,cup            ,Noun           ,                   ,                           ,
le courbé            ,curved         ,Noun           ,                   ,                           ,
mignonne             ,cute           ,Adjective      ,                   ,                           ,
le papa              ,dad            ,Noun           ,                   ,Daddy                      ,
l'obscurité          ,dark           ,Noun           ,                   ,                           ,
la date              ,date           ,Noun           ,e.g. May 7         ,                           ,
la fille             ,daughter       ,Noun           ,                   ,                           ,
le jour              ,day            ,Noun           ,                   ,                           ,
le mort              ,dead           ,Noun           ,                   ,                           ,
le sourd             ,deaf           ,Noun           ,                   ,                           ,
la mort              ,death          ,Noun           ,                   ,                           ,
l'abîme              ,deep           ,Noun           ,                   ,                           ,
le diamant           ,diamond        ,Noun           ,                   ,                           ,
le dîner             ,dinner         ,Noun           ,                   ,                           ,
la direction         ,direction      ,Noun           ,                   ,                           ,
la saleté            ,dirty          ,Noun           ,                   ,                           ,
la maladie           ,disease        ,Noun           ,                   ,                           ,
le médecin           ,doctor         ,Noun           ,                   ,                           ,
le chien             ,dog            ,Noun           ,                   ,                           ,
le dollar            ,dollar         ,Noun           ,                   ,                           ,
la porte             ,door           ,Noun           ,                   ,                           ,
le point             ,dot            ,Noun           ,                   ,                           ,
vers le bas          ,down           ,Preposition    ,                   ,                           ,
le rêve              ,dream          ,Noun           ,                   ,                           ,
la robe              ,dress          ,Noun           ,                   ,                           ,
la drogue            ,drug           ,Noun           ,                   ,                           ,
Le sec               ,dry            ,Noun           ,                   ,                           ,
la poussière         ,dust           ,Noun           ,                   ,                           ,
l'oreille            ,ear            ,Noun           ,                   ,                           ,
l'est                ,east           ,Noun           ,                   ,                           ,
le bord              ,edge           ,Noun           ,                   ,                           ,
l'œuf                ,egg            ,Noun           ,                   ,                           ,
le huit              ,eight          ,Noun           ,                   ,                           ,
le dix-huit          ,eighteen       ,Noun           ,                   ,                           ,
les quatre vingt     ,eighty         ,Noun           ,                   ,                           ,
Soit                 ,either         ,Adverb         ,                   ,                           ,
l'élection           ,election       ,Noun           ,                   ,                           ,
l'électronique       ,electronics    ,Noun           ,                   ,                           ,
le onze              ,eleven         ,Noun           ,                   ,                           ,
l'énergie            ,energy         ,Noun           ,                   ,                           ,
le moteur            ,engine         ,Noun           ,                   ,                           ,
le soir              ,evening        ,Noun           ,                   ,                           ,
le tout              ,everything     ,Noun           ,                   ,                           ,
la preuve            ,evidence       ,Noun           ,                   ,                           ,
l'exercice           ,exercise       ,Noun           ,                   ,                           ,
le cher              ,expensive      ,Noun           ,                   ,                           ,
l'oeil               ,eye            ,Noun           ,                   ,                           ,
la face              ,face           ,Noun           ,                   ,                           ,
la chute             ,fall           ,Noun           ,season             ,                           ,
la famille           ,family         ,Noun           ,                   ,                           ,
le célèbre           ,famous         ,Noun           ,                   ,                           ,
le fan               ,fan            ,Noun           ,electric           ,                           ,
le fan               ,fan            ,Noun           ,sport              ,                           ,
loin                 ,far            ,Adverb         ,                   ,                           ,
la ferme             ,farm           ,Noun           ,                   ,                           ,
le rapide            ,fast           ,Noun           ,                   ,                           ,
le père              ,father         ,Noun           ,                   ,                           ,
la femelle           ,female         ,Noun           ,                   ,                           ,
le quinze            ,fifteen        ,Noun           ,                   ,                           ,
le cinquième         ,fifth          ,Noun           ,5th                ,                           ,
les cinquante        ,fifty          ,Noun           ,                   ,                           ,
le doigt             ,finger         ,Noun           ,                   ,                           ,
le feu               ,fire           ,Noun           ,                   ,                           ,
la première          ,first          ,Noun           ,1st                ,                           ,
le poisson           ,fish           ,Noun           ,                   ,                           ,
les cinq             ,five           ,Noun           ,                   ,                           ,
appartement          ,flat           ,Adjective      ,                   ,                           ,
le plancher          ,floor          ,Noun           ,                   ,                           ,
la fleur             ,flower         ,Noun           ,                   ,                           ,
la nourriture        ,food           ,Noun           ,                   ,                           ,
le pied              ,foot           ,Noun           ,body part          ,                           ,
le pied              ,foot           ,Noun           ,measurement        ,                           ,
la forêt             ,forest         ,Noun           ,                   ,                           ,
la fourchette        ,fork           ,Noun           ,                   ,                           ,
les quarante         ,forty          ,Noun           ,                   ,                           ,
les quatre           ,four           ,Noun           ,                   ,                           ,
les quatorze         ,fourteen       ,Noun           ,                   ,                           ,
le quatrième         ,fourth         ,Noun           ,4th                ,                           ,
l'ami                ,friend         ,Noun           ,                   ,                           ,
le devant            ,front          ,Noun           ,                   ,                           ,
le jeu               ,game           ,Noun           ,                   ,                           ,
le jardin            ,garden         ,Noun           ,                   ,                           ,
l'essence            ,gasoline       ,Noun           ,                   ,                           ,
le cadeau            ,gift           ,Noun           ,                   ,                           ,
la fille             ,girl           ,Noun           ,                   ,                           ,
la petite amie       ,girlfriend     ,Noun           ,                   ,                           ,
le verre             ,glass          ,Noun           ,                   ,                           ,
l'or                 ,gold           ,Noun           ,                   ,                           ,
le bon               ,good           ,Noun           ,                   ,"better, best"             ,
le grand-père        ,grandfather    ,Noun           ,                   ,                           ,
la grand-mère        ,grandmother    ,Noun           ,                   ,                           ,
l'herbe              ,grass          ,Noun           ,                   ,                           ,
le gris              ,gray           ,Noun           ,                   ,                           ,
le vert              ,green          ,Noun           ,                   ,                           ,
le sol               ,ground         ,Noun           ,                   ,                           ,
le pistolet          ,gun            ,Noun           ,                   ,                           ,
les cheveux          ,hair           ,Noun           ,                   ,                           ,
la demi              ,half           ,Noun           ,                   ,                           ,
la main              ,hand           ,Noun           ,                   ,                           ,
l'heureux            ,happy          ,Noun           ,                   ,                           ,
le dur               ,hard           ,Noun           ,                   ,                           ,
le chapeau           ,hat            ,Noun           ,                   ,                           ,
il                   ,he             ,Pronoun        ,                   ,"his, him, himself"        ,
la tête              ,head           ,Noun           ,                   ,                           ,
la bonne santé       ,healthy        ,Noun           ,                   ,                           ,
l'entendre           ,hear           ,Noun           ,a sound            ,                           ,
le cœur              ,heart          ,Noun           ,                   ,                           ,
la chaleur           ,heat           ,Noun           ,                   ,                           ,
le paradis           ,heaven         ,Noun           ,                   ,                           ,
le lourd             ,heavy          ,Noun           ,                   ,                           ,
l'enfer              ,hell           ,Noun           ,                   ,                           ,
le haut              ,high           ,Noun           ,                   ,                           ,
la colline           ,hill           ,Noun           ,                   ,                           ,
Le trou              ,hole           ,Noun           ,                   ,                           ,
le cheval            ,horse          ,Noun           ,                   ,                           ,
l'hôpital            ,hospital       ,Noun           ,                   ,                           ,
le chaud             ,hot            ,Noun           ,                   ,                           ,
l'hôtel              ,hotel          ,Noun           ,                   ,                           ,
l'heure              ,hour           ,Noun           ,                   ,                           ,
la maison            ,house          ,Noun           ,                   ,                           ,
l'humain             ,human          ,Noun           ,                   ,                           ,
la centaine          ,hundred        ,Noun           ,                   ,                           ,
le mari              ,husband        ,Noun           ,                   ,                           ,
la glace             ,ice            ,Noun           ,                   ,                           ,
l'image              ,image          ,Noun           ,                   ,                           ,
le pouce             ,inch           ,Noun           ,                   ,                           ,
la blessure          ,injury         ,Noun           ,                   ,                           ,
l'intérieur          ,inside         ,Noun           ,                   ,                           ,
L'instrument         ,instrument     ,Noun           ,musical            ,                           ,
intéressant          ,interesting    ,Adjective      ,                   ,                           ,
l'Ile                ,island         ,Noun           ,                   ,                           ,
le ça                ,it             ,Noun           ,                   ,                           ,
le travail           ,job            ,Noun           ,                   ,                           ,
le juge              ,judge          ,Noun           ,Job                ,                           ,
le jus               ,juice          ,Noun           ,                   ,                           ,
la clé               ,key            ,Noun           ,                   ,                           ,
le kilogramme        ,kilogram       ,Noun           ,                   ,                           ,
le roi               ,king           ,Noun           ,                   ,                           ,
la cuisine           ,kitchen        ,Noun           ,                   ,                           ,
le genou             ,knee           ,Noun           ,                   ,                           ,
le couteau           ,knife          ,Noun           ,                   ,                           ,
le lac               ,lake           ,Noun           ,                   ,                           ,
la lampe             ,lamp           ,Noun           ,                   ,                           ,
Le pc portable       ,laptop         ,Noun           ,                   ,                           ,
l'avocat             ,lawyer         ,Noun           ,                   ,                           ,
la feuille           ,leaf           ,Noun           ,                   ,                           ,
la gauche            ,left           ,Noun           ,direction          ,                           ,
la jambe             ,leg            ,Noun           ,                   ,                           ,
le citron            ,lemon          ,Noun           ,                   ,                           ,
la lettre            ,letter         ,Noun           ,                   ,                           ,
la bibliothèque      ,library        ,Noun           ,                   ,                           ,
le mensonge          ,lie            ,Noun           ,                   ,                           ,
lumière              ,light          ,Adjective      ,/dark              ,                           ,
lumière              ,light          ,Adjective      ,/heavy             ,                           ,
la lumière           ,light          ,Noun           ,                   ,                           ,
la lèvre             ,lip            ,Noun           ,                   ,                           ,
la liste             ,list           ,Noun           ,                   ,                           ,
l'emplacement        ,location       ,Noun           ,                   ,                           ,
le verrou            ,lock           ,Noun           ,                   ,                           ,
le long              ,long           ,Noun           ,                   ,                           ,
le lâche             ,loose          ,Noun           ,                   ,                           ,
le fort              ,loud           ,Noun           ,                   ,                           ,
le bas               ,low            ,Noun           ,                   ,                           ,
le déjeuner          ,lunch          ,Noun           ,                   ,                           ,
le magazine          ,magazine       ,Noun           ,                   ,                           ,
le mâle              ,male           ,Noun           ,                   ,                           ,
l'homme              ,man            ,Noun           ,                   ,                           ,
le directeur         ,manager        ,Noun           ,                   ,                           ,
la carte             ,map            ,Noun           ,                   ,                           ,
le marché            ,market         ,Noun           ,                   ,                           ,
le mariage           ,marriage       ,Noun           ,                   ,                           ,
le matériel          ,material       ,Noun           ,                   ,                           ,
la moyenne           ,mean           ,Noun           ,/nice              ,                           ,
la médecine          ,medicine       ,Noun           ,                   ,                           ,
le désordre          ,mess           ,Noun           ,                   ,                           ,
le métal             ,metal          ,Noun           ,                   ,                           ,
le mètre             ,meter          ,Noun           ,                   ,                           ,
le lait              ,milk           ,Noun           ,                   ,                           ,
le million           ,million        ,Noun           ,                   ,                           ,
la minute            ,minute         ,Noun           ,                   ,                           ,
la mère              ,mom            ,Noun           ,                   ,Mommy                      ,
l'argent             ,money          ,Noun           ,                   ,                           ,
le mois              ,month          ,Noun           ,                   ,                           ,
la lune              ,moon           ,Noun           ,                   ,                           ,
le matin             ,morning        ,Noun           ,                   ,                           ,
la mère              ,mother         ,Noun           ,                   ,                           ,
la montagne          ,mountain       ,Noun           ,                   ,                           ,
la souris            ,mouse          ,Noun           ,                   ,                           ,
la bouche            ,mouth          ,Noun           ,                   ,                           ,
le film              ,movie          ,Noun           ,                   ,                           ,
le meurtrier         ,murder         ,Noun           ,                   ,                           ,
la musique           ,music          ,Noun           ,                   ,                           ,
l'étroit             ,narrow         ,Noun           ,                   ,                           ,
la nature            ,nature         ,Noun           ,                   ,                           ,
à proximité          ,near           ,Adverb         ,                   ,                           ,
le cou               ,neck           ,Noun           ,                   ,                           ,
l'aiguille           ,needle         ,Noun           ,                   ,                           ,
le voisin            ,neighbor       ,Noun           ,                   ,                           ,
ni                   ,neither        ,Adverb         ,                   ,                           ,
le réseau            ,network        ,Noun           ,                   ,                           ,
le nouveau           ,new            ,Noun           ,                   ,                           ,
le journal           ,newspaper      ,Noun           ,                   ,                           ,
le gentil            ,nice           ,Noun           ,                   ,                           ,
la nuit              ,night          ,Noun           ,                   ,                           ,
le neuf              ,nine           ,Noun           ,                   ,                           ,
les dix-neuf         ,nineteen       ,Noun           ,                   ,                           ,
les quatre-vingt-dix ,ninety         ,Noun           ,                   ,                           ,
le non               ,no             ,Noun           ,                   ,                           ,
ni                   ,nor            ,Conjunction    ,                   ,                           ,
le nord              ,north          ,Noun           ,                   ,                           ,
le nez               ,nose           ,Noun           ,                   ,                           ,
la note              ,note           ,Noun           ,on paper           ,                           ,
le néant             ,nothing        ,Noun           ,                   ,                           ,
le nucléaire         ,nuclear        ,Noun           ,                   ,                           ,
le nombre            ,number         ,Noun           ,                   ,                           ,
l'océan              ,ocean          ,Noun           ,                   ,                           ,
le bureau            ,office         ,Noun           ,                   ,                           ,
l'huile              ,oil            ,Noun           ,                   ,                           ,
l'ancien             ,old            ,Noun           ,/new               ,                           ,
l'ancien             ,old            ,Noun           ,/young             ,                           ,
celui                ,one            ,Noun           ,                   ,                           ,
les cent             ,one hundred    ,Noun           ,                   ,                           ,
le million           ,one million    ,Noun           ,                   ,                           ,
le mille             ,one thousand   ,Noun           ,                   ,                           ,
ou                   ,or             ,Conjunction    ,                   ,                           ,
l'orange             ,orange         ,Noun           ,color              ,                           ,
l'orange             ,orange         ,Noun           ,food               ,                           ,
l'extérieur          ,outside        ,Noun           ,                   ,                           ,
la page              ,page           ,Noun           ,                   ,                           ,
la douleur           ,pain           ,Noun           ,                   ,                           ,
la peinture          ,paint          ,Noun           ,                   ,                           ,
le pantalon          ,pants          ,Noun           ,                   ,                           ,
le papier            ,paper          ,Noun           ,                   ,                           ,
le parent            ,parent         ,Noun           ,                   ,                           ,
le parc              ,park           ,Noun           ,location           ,                           ,
le patient           ,patient        ,Noun           ,                   ,                           ,
le motif             ,pattern        ,Noun           ,                   ,                           ,
la paix              ,peace          ,Noun           ,                   ,                           ,
le stylo             ,pen            ,Noun           ,                   ,                           ,
le crayon            ,pencil         ,Noun           ,                   ,                           ,
la personne          ,person         ,Noun           ,                   ,                           ,
le téléphone         ,phone          ,Noun           ,                   ,                           ,
le photographe       ,photograph     ,Noun           ,                   ,                           ,
la pièce             ,piece          ,Noun           ,                   ,                           ,
le cochon            ,pig            ,Noun           ,                   ,                           ,
le rose              ,pink           ,Noun           ,                   ,                           ,
le plan              ,plan           ,Noun           ,                   ,                           ,
l'avion              ,plane          ,Noun           ,                   ,                           ,
la plante            ,plant          ,Noun           ,                   ,                           ,
le plastique         ,plastic        ,Noun           ,                   ,                           ,
la plaque            ,plate          ,Noun           ,                   ,                           ,
le joueur            ,player         ,Noun           ,                   ,                           ,
la poche             ,pocket         ,Noun           ,                   ,                           ,
le poison            ,poison         ,Noun           ,                   ,                           ,
la police            ,police         ,Noun           ,                   ,                           ,
la piscine           ,pool           ,Noun           ,                   ,                           ,
les pauvres          ,poor           ,Noun           ,                   ,                           ,
le porc              ,pork           ,Noun           ,                   ,                           ,
peut-être            ,possibly       ,Adverb         ,                   ,                           ,
la livre             ,pound          ,Noun           ,weight             ,                           ,
Le président         ,president      ,Noun           ,                   ,                           ,
le prix              ,price          ,Noun           ,                   ,                           ,
le prêtre            ,priest         ,Noun           ,                   ,                           ,
la prison            ,prison         ,Noun           ,                   ,                           ,
privé                ,private        ,Adjective      ,                   ,                           ,
le programme         ,program        ,Noun           ,computer           ,                           ,
Publique             ,public         ,Adjective      ,                   ,                           ,
la reine             ,queen          ,Noun           ,                   ,                           ,
le silence           ,quiet          ,Noun           ,                   ,                           ,
la course            ,race           ,Noun           ,ethnicity          ,                           ,
la course            ,race           ,Noun           ,sport              ,                           ,
la radio             ,radio          ,Noun           ,                   ,                           ,
la pluie             ,rain           ,Noun           ,                   ,                           ,
le rouge             ,red            ,Noun           ,                   ,                           ,
la religion          ,religion       ,Noun           ,                   ,                           ,
le journaliste       ,reporter       ,Noun           ,                   ,                           ,
le restaurant        ,restaurant     ,Noun           ,                   ,                           ,
le riz               ,rice           ,Noun           ,                   ,                           ,
le riche             ,rich           ,Noun           ,                   ,                           ,
la droite            ,right          ,Noun           ,direction          ,                           ,
l'anneau             ,ring           ,Noun           ,                   ,                           ,
la rivière           ,river          ,Noun           ,                   ,                           ,
Le toit              ,roof           ,Noun           ,                   ,                           ,
la chambre           ,room           ,Noun           ,in a house         ,                           ,
la racine            ,root           ,Noun           ,                   ,                           ,
le triste            ,sad            ,Noun           ,                   ,                           ,
le sel               ,salt           ,Noun           ,                   ,                           ,
le sable             ,sand           ,Noun           ,                   ,                           ,
l'école              ,school         ,Noun           ,                   ,                           ,
la science           ,science        ,Noun           ,                   ,                           ,
l'écran              ,screen         ,Noun           ,                   ,                           ,
la mer               ,sea            ,Noun           ,                   ,                           ,
la saison            ,season         ,Noun           ,                   ,                           ,
la deuxième          ,second         ,Noun           ,2nd                ,                           ,
la deuxième          ,second         ,Noun           ,time               ,                           ,
le secrétaire        ,secretary      ,Noun           ,                   ,                           ,
la graine            ,seed           ,Noun           ,                   ,                           ,
Les sept             ,seven          ,Noun           ,                   ,                           ,
les dix-sept         ,seventeen      ,Noun           ,                   ,                           ,
les soixante-dix     ,seventy        ,Noun           ,                   ,                           ,
le sexe              ,sex            ,Noun           ,act                ,                           ,
le sexe              ,sex            ,Noun           ,gender             ,                           ,
le peu profond       ,shallow        ,Noun           ,                   ,                           ,
la elle              ,she            ,Noun           ,                   ,"her, hers, herself"       ,
Le bateau            ,ship           ,Noun           ,                   ,                           ,
la chemise           ,shirt          ,Noun           ,                   ,                           ,
les chaussures       ,shoes          ,Noun           ,                   ,                           ,
court                ,short          ,Adjective      ,long               ,                           ,
court                ,short          ,Adjective      ,vs. tall           ,                           ,
L'épaule             ,shoulder       ,Noun           ,                   ,                           ,
le malade            ,sick           ,Noun           ,                   ,                           ,
le côté              ,side           ,Noun           ,                   ,                           ,
le signe             ,sign           ,Noun           ,                   ,                           ,
l'argent             ,silver         ,Noun           ,                   ,                           ,
la soeur             ,sister         ,Noun           ,                   ,                           ,
Les six              ,six            ,Noun           ,                   ,                           ,
le seize             ,sixteen        ,Noun           ,                   ,                           ,
les soixante         ,sixty          ,Noun           ,                   ,                           ,
la peau              ,skin           ,Noun           ,                   ,                           ,
la jupe              ,skirt          ,Noun           ,                   ,                           ,
Le ciel              ,sky            ,Noun           ,                   ,                           ,
le ralentissement    ,slow           ,Noun           ,                   ,                           ,
le petit/petit       ,small/little   ,Noun           ,                   ,                           ,
la neige             ,snow           ,Noun           ,                   ,                           ,
le savon             ,soap           ,Noun           ,                   ,                           ,
Le doux              ,soft           ,Noun           ,                   ,                           ,
le sol/la terre      ,soil/earth     ,Noun           ,                   ,                           ,
le soldat            ,soldier        ,Noun           ,                   ,                           ,
le fils              ,son            ,Noun           ,                   ,                           ,
la chanson           ,song           ,Noun           ,                   ,                           ,
le son               ,sound          ,Noun           ,                   ,                           ,
la soupe             ,soup           ,Noun           ,                   ,                           ,
le sud               ,south          ,Noun           ,                   ,                           ,
l'espace             ,space          ,Noun           ,outer space        ,                           ,
la cuillère          ,spoon          ,Noun           ,                   ,                           ,
le sport             ,sport          ,Noun           ,                   ,                           ,
le printemps         ,spring         ,Noun           ,season             ,                           ,
le carré             ,square         ,Noun           ,                   ,                           ,
la tâche             ,stain          ,Noun           ,                   ,                           ,
l'étoile             ,star           ,Noun           ,                   ,                           ,
la gare              ,station        ,Noun           ,                   ,                           ,
la pierre            ,stone          ,Noun           ,                   ,                           ,
le magasin/boutique  ,store/shop     ,Noun           ,                   ,                           ,
le droit             ,straight       ,Noun           ,                   ,                           ,
la rue/route         ,street/road    ,Noun           ,                   ,                           ,
le fort              ,strong         ,Noun           ,                   ,                           ,
l'étudiant           ,student        ,Noun           ,                   ,                           ,
le sucre             ,sugar          ,Noun           ,                   ,                           ,
le costume           ,suit           ,Noun           ,                   ,                           ,
L'été                ,summer         ,Noun           ,                   ,                           ,
le soleil            ,sun            ,Noun           ,                   ,                           ,
la sueur             ,sweat          ,Noun           ,                   ,                           ,
la table             ,table          ,Noun           ,                   ,                           ,
le grand             ,tall           ,Noun           ,                   ,                           ,
le thé               ,tea            ,Noun           ,                   ,                           ,
l'enseignant         ,teacher        ,Noun           ,                   ,                           ,
l'équipe             ,team           ,Noun           ,                   ,                           ,
la larme             ,tear           ,Noun           ,drop               ,                           ,
la technologie       ,technology     ,Noun           ,                   ,                           ,
le téléphone_        ,telephone_     ,Noun           ,                   ,                           ,
la télévision        ,television     ,Noun           ,                   ,                           ,
la température       ,temperature    ,Noun           ,                   ,                           ,
les dix              ,ten            ,Noun           ,                   ,                           ,
les dix mille        ,ten thousand   ,Noun           ,                   ,                           ,
théâtre              ,theater        ,Noun           ,                   ,                           ,
elles ou ils         ,they           ,Pronoun        ,                   ,"them, their, theirs"      ,
l'épaisseur          ,thick          ,Noun           ,                   ,                           ,
la mince             ,thin           ,Noun           ,                   ,                           ,
le troisième         ,third          ,Noun           ,3rd                ,                           ,
les treize           ,thirteen       ,Noun           ,                   ,                           ,
les trente           ,thirty         ,Noun           ,                   ,                           ,
le mille             ,thousand       ,Noun           ,                   ,                           ,
les trois            ,three          ,Noun           ,                   ,                           ,
le billet            ,ticket         ,Noun           ,train              ,                           ,
le serré             ,tight          ,Noun           ,                   ,                           ,
le temps             ,time           ,Noun           ,                   ,                           ,
le pneu              ,tire           ,Noun           ,of a car           ,                           ,
être                 ,to be          ,Verb           ,                   ,                           ,
battre               ,to beat        ,Verb           ,                   ,                           ,
pour commencer       ,to begin       ,Verb           ,                   ,                           ,
plier                ,to bend        ,Verb           ,                   ,                           ,
casser               ,to break       ,Verb           ,                   ,                           ,
bouillir             ,to boil        ,Verb           ,                   ,                           ,
construire           ,to build       ,Verb           ,                   ,                           ,
brûler               ,to burn        ,Verb           ,                   ,                           ,
acheter              ,to buy         ,Verb           ,                   ,                           ,
appeler              ,to call        ,Verb           ,                   ,                           ,
porter               ,to carry       ,Verb           ,                   ,                           ,
annuler              ,to cancel      ,Verb           ,                   ,                           ,
prendre soin de      ,to care        ,Verb           ,                   ,                           ,
attraper             ,to catch       ,Verb           ,                   ,                           ,
causer               ,to cause       ,Verb           ,                   ,                           ,
nettoyer             ,to clean       ,Verb           ,                   ,                           ,
fermer               ,to close       ,Verb           ,                   ,                           ,
venir                ,to come        ,Verb           ,                   ,                           ,
comparer             ,to compare     ,Verb           ,                   ,                           ,
concourir            ,to compete     ,Verb           ,                   ,                           ,
se connecter         ,to connect     ,Verb           ,                   ,                           ,
cuisiner             ,to cook        ,Verb           ,                   ,                           ,
compter              ,to count       ,Verb           ,                   ,                           ,
pleurer              ,to cry         ,Verb           ,                   ,                           ,
couper               ,to cut         ,Verb           ,                   ,                           ,
danser               ,to dance       ,Verb           ,                   ,                           ,
mériter              ,to deserve     ,Verb           ,                   ,                           ,
mourir               ,to die         ,Verb           ,                   ,                           ,
à creuser            ,to dig         ,Verb           ,                   ,                           ,
faire                ,to do          ,Verb           ,                   ,                           ,
descendre            ,to down        ,Verb           ,                   ,                           ,
dessiner             ,to draw        ,Verb           ,                   ,                           ,
s'habiller           ,to dress       ,Verb           ,                   ,                           ,
boire                ,to drink       ,Verb           ,                   ,                           ,
conduire             ,to drive       ,Verb           ,                   ,                           ,
manger               ,to eat         ,Verb           ,                   ,                           ,
apprécier            ,to enjoy       ,Verb           ,                   ,                           ,
exploser             ,to explode     ,Verb           ,                   ,                           ,
tomber               ,to fall        ,Verb           ,                   ,                           ,
nourrir              ,to feed        ,Verb           ,                   ,                           ,
combattre            ,to fight       ,Verb           ,                   ,                           ,
trouver              ,to find        ,Verb           ,                   ,                           ,
pour finir           ,to finish      ,Verb           ,                   ,                           ,
réparer              ,to fix         ,Verb           ,                   ,                           ,
voler                ,to fly         ,Verb           ,                   ,                           ,
suivre               ,to follow      ,Verb           ,                   ,                           ,
pour donner          ,to give        ,Verb           ,                   ,                           ,
aller                ,to go          ,Verb           ,                   ,                           ,
grandir              ,to grow        ,Verb           ,                   ,                           ,
pendre               ,to hang        ,Verb           ,                   ,                           ,
avoir                ,to have        ,Verb           ,                   ,                           ,
aider                ,to help        ,Verb           ,                   ,                           ,
tenir                ,to hold        ,Verb           ,                   ,                           ,
sauter               ,to jump        ,Verb           ,                   ,                           ,
garder               ,to keep        ,Verb           ,                   ,                           ,
tuer                 ,to kill        ,Verb           ,                   ,                           ,
embrasser            ,to kiss        ,Verb           ,                   ,                           ,
rire                 ,to laugh       ,Verb           ,                   ,                           ,
apprendre            ,to learn       ,Verb           ,                   ,                           ,
soulever             ,to lift        ,Verb           ,                   ,                           ,
écouter              ,to listen      ,Verb           ,to music           ,                           ,
perdre               ,to lose        ,Verb           ,                   ,                           ,
aimer                ,to love        ,Verb           ,                   ,                           ,
se marier            ,to marry       ,Verb           ,                   ,                           ,
rencontrer           ,to meet        ,Verb           ,                   ,                           ,
fondre               ,to melt        ,Verb           ,                   ,                           ,
à mentionner         ,to mention     ,Verb           ,                   ,                           ,
mélanger/remuer      ,to mix/stir    ,Verb           ,                   ,                           ,
ouvrir               ,to open        ,Verb           ,                   ,                           ,
passer               ,to pass        ,Verb           ,                   ,                           ,
payer                ,to pay         ,Verb           ,                   ,                           ,
jouer                ,to play        ,Verb           ,                   ,                           ,
prier                ,to pray        ,Verb           ,                   ,                           ,
tirer                ,to pull        ,Verb           ,                   ,                           ,
pousser              ,to push        ,Verb           ,                   ,                           ,
mettre               ,to put         ,Verb           ,                   ,                           ,
respecter            ,to respect     ,Verb           ,                   ,                           ,
courir               ,to run         ,Verb           ,                   ,                           ,
à voir               ,to see         ,Verb           ,a bird             ,                           ,
vendre               ,to sell        ,Verb           ,                   ,                           ,
secouer              ,to shake       ,Verb           ,                   ,                           ,
le pour tirer        ,to shoot       ,Noun           ,a gun              ,                           ,
signer               ,to sign        ,Verb           ,                   ,                           ,
chanter              ,to sing        ,Verb           ,                   ,                           ,
s'asseoir            ,to sit         ,Verb           ,                   ,                           ,
dormir               ,to sleep       ,Verb           ,                   ,                           ,
sentir               ,to smell       ,Verb           ,                   ,                           ,
sourir               ,to smile       ,Verb           ,                   ,                           ,
parler/dire          ,to speak/say   ,Verb           ,                   ,                           ,
dépenser             ,to spend       ,Verb           ,                   ,                           ,
se tenir debout      ,to stand       ,Verb           ,                   ,                           ,
rester               ,to stay        ,Verb           ,                   ,                           ,
arrêter              ,to stop        ,Verb           ,                   ,                           ,
de surprendre        ,to surprise    ,Verb           ,                   ,                           ,
nager                ,to swim        ,Verb           ,                   ,                           ,
prendre              ,to take        ,Verb           ,                   ,                           ,
goûter               ,to taste       ,Verb           ,                   ,                           ,
enseigner            ,to teach       ,Verb           ,                   ,                           ,
penser               ,to think       ,Verb           ,                   ,                           ,
lancer               ,to throw       ,Verb           ,                   ,                           ,
toucher              ,to touch       ,Verb           ,                   ,                           ,
tourner              ,to turn        ,Verb           ,                   ,                           ,
jusqu'à              ,to up          ,Verb           ,                   ,                           ,
marcher              ,to walk        ,Verb           ,                   ,                           ,
laver                ,to wash        ,Verb           ,                   ,                           ,
regarder             ,to watch       ,Verb           ,(TV)               ,                           ,
porter               ,to wear        ,Verb           ,                   ,                           ,
porter               ,to wear        ,Verb           ,                   ,                           ,
gagner               ,to win         ,Verb           ,                   ,                           ,
travailler           ,to work        ,Verb           ,                   ,                           ,
pour écrire          ,to write       ,Verb           ,                   ,                           ,
le doigt de pied     ,toe            ,Noun           ,                   ,                           ,
la langue            ,tongue         ,Noun           ,                   ,                           ,
l'outil              ,tool           ,Noun           ,                   ,                           ,
la dent              ,tooth          ,Noun           ,                   ,                           ,
haut                 ,top            ,Noun           ,                   ,                           ,
la ville             ,town           ,Noun           ,                   ,                           ,
le train             ,train          ,Noun           ,                   ,                           ,
le transport         ,transportation ,Noun           ,                   ,                           ,
l'arbre              ,tree           ,Noun           ,                   ,                           ,
le camion            ,truck          ,Noun           ,                   ,                           ,
les douze            ,twelve         ,Noun           ,                   ,                           ,
les vingt            ,twenty         ,Noun           ,                   ,                           ,
le vingt et un       ,twenty one     ,Noun           ,                   ,                           ,
les deux             ,two            ,Noun           ,                   ,                           ,
les deux cents       ,two hundred    ,Noun           ,                   ,                           ,
le moche             ,ugly           ,Noun           ,                   ,                           ,
l'oncle              ,uncle          ,Noun           ,                   ,                           ,
l'Université         ,university     ,Noun           ,                   ,                           ,
Le haut              ,up             ,Noun           ,                   ,                           ,
la vallée            ,valley         ,Noun           ,                   ,                           ,
le verbe             ,verb           ,Noun           ,                   ,                           ,
la victime           ,victim         ,Noun           ,                   ,                           ,
la voix              ,voice          ,Noun           ,                   ,                           ,
la voyelle           ,vowel          ,Noun           ,                   ,                           ,
le serveur           ,waiter         ,Noun           ,                   ,                           ,
le reveil            ,wake           ,Noun           ,                   ,                           ,
le mur               ,wall           ,Noun           ,                   ,                           ,
la guerre            ,war            ,Noun           ,                   ,                           ,
chaleureuse          ,warm           ,Adjective      ,                   ,                           ,
l'eau                ,water          ,Noun           ,                   ,                           ,
la vague             ,wave           ,Noun           ,ocean              ,                           ,
nous                 ,we             ,Pronoun        ,                   ,"us, our, ours, ourselves" ,
le faible            ,weak           ,Noun           ,                   ,                           ,
les noces            ,wedding        ,Noun           ,                   ,                           ,
la semaine           ,week           ,Noun           ,                   ,                           ,
la semaine           ,week           ,Noun           ,                   ,                           ,
le week-end          ,weekend        ,Noun           ,                   ,                           ,
peser                ,weigh          ,Verb           ,                   ,                           ,
le poids             ,weight         ,Noun           ,                   ,                           ,
le poids             ,weight         ,Noun           ,                   ,                           ,
le puits             ,well           ,Noun           ,                   ,                           ,
l'ouest              ,west           ,Noun           ,                   ,                           ,
l'ouest              ,west           ,Noun           ,                   ,                           ,
l'ouest              ,western        ,Noun           ,                   ,                           ,
le mouillé           ,wet            ,Noun           ,adj.               ,                           ,
le quoi              ,what           ,Noun           ,                   ,                           ,
le quand             ,when           ,Noun           ,                   ,                           ,
le où                ,where          ,Noun           ,                   ,                           ,
qu'il s'agisse       ,whether        ,Adverb         ,                   ,                           ,
le qui               ,which          ,Noun           ,                   ,                           ,
le temps             ,while          ,Noun           ,                   ,                           ,
le blanc             ,white          ,Noun           ,                   ,                           ,
le blanc             ,white          ,Noun           ,                   ,                           ,
L'OMS                ,who            ,Noun           ,                   ,                           ,
la totalité          ,whole          ,Noun           ,                   ,                           ,
le pourquoi          ,why            ,Noun           ,                   ,                           ,
la large             ,wide           ,Noun           ,                   ,                           ,
la large             ,wide           ,Noun           ,                   ,                           ,
la femme             ,wife           ,Noun           ,                   ,                           ,
la femme             ,wife           ,Noun           ,                   ,                           ,
le sauvage           ,wild           ,Noun           ,                   ,                           ,
la volonté           ,will           ,Noun           ,                   ,                           ,
la victoire          ,win            ,Noun           ,                   ,                           ,
le vent              ,wind           ,Noun           ,                   ,                           ,
le vent              ,wind           ,Noun           ,                   ,                           ,
la fenêtre           ,window         ,Noun           ,                   ,                           ,
la fenêtre           ,window         ,Noun           ,                   ,                           ,
le vin               ,wine           ,Noun           ,                   ,                           ,
le vin               ,wine           ,Noun           ,                   ,                           ,
l'aile               ,wing           ,Noun           ,                   ,                           ,
l'aile               ,wing           ,Noun           ,                   ,                           ,
le gagnant           ,winner         ,Noun           ,                   ,                           ,
l'hiver              ,winter         ,Noun           ,                   ,                           ,
l'hiver              ,winter         ,Noun           ,                   ,                           ,
le fil               ,wire           ,Noun           ,                   ,                           ,
la femme             ,woman          ,Noun           ,                   ,                           ,
le bois              ,wood           ,Noun           ,                   ,                           ,
le monde             ,world          ,Noun           ,                   ,                           ,
la Cour              ,yard           ,Noun           ,                   ,                           ,
l'année              ,year           ,Noun           ,                   ,                           ,
le jaune             ,yellow         ,Noun           ,                   ,                           ,
le oui               ,yes            ,Noun           ,                   ,                           ,
tu                   ,you            ,Pronoun        ,singular/plural    ,"your, yours, yourself"    ,
le jeune             ,young          ,Noun           ,                   ,                           ,
le zéro              ,zero           ,Noun           ,                   ,                           ,
