pt                ,en             ,Part of Speech ,Notes              ,Related                    ,
o abril           ,April          ,Noun           ,                   ,                           ,
o agosto          ,August         ,Noun           ,                   ,                           ,
o dezembro        ,December       ,Noun           ,                   ,                           ,
o fevereiro       ,February       ,Noun           ,                   ,                           ,
Sexta-feira       ,Friday         ,Noun           ,                   ,                           ,
Eu                ,I              ,Pronoun        ,                   ,"me, my, mine, myself"     ,
o janeiro         ,January        ,Noun           ,                   ,                           ,
o julho           ,July           ,Noun           ,                   ,                           ,
o junho           ,June           ,Noun           ,                   ,                           ,
a marcha          ,March          ,Noun           ,                   ,                           ,
o maio            ,May            ,Noun           ,                   ,                           ,
a segunda         ,Monday         ,Noun           ,                   ,                           ,
o novembro        ,November       ,Noun           ,                   ,                           ,
o outubro         ,October        ,Noun           ,                   ,                           ,
o sábado          ,Saturday       ,Noun           ,                   ,                           ,
o setembro        ,September      ,Noun           ,                   ,                           ,
o domingo         ,Sunday         ,Noun           ,                   ,                           ,
a quinta-feira    ,Thursday       ,Noun           ,                   ,                           ,
a terça-feira     ,Tuesday        ,Noun           ,                   ,                           ,
a quarta-feira    ,Wednesday      ,Noun           ,                   ,                           ,
a Terra           ,earth          ,Noun           ,                   ,                           ,
o Deus            ,god            ,Noun           ,                   ,                           ,
a camiseta        ,t-shirt        ,Noun           ,                   ,                           ,
o ator            ,actor          ,Noun           ,                   ,                           ,
o adjetivo        ,adjective      ,Noun           ,                   ,                           ,
o adulto          ,adult          ,Noun           ,                   ,                           ,
a tarde           ,afternoon      ,Noun           ,                   ,                           ,
o ar              ,air            ,Noun           ,                   ,                           ,
o aeroporto       ,airport        ,Noun           ,                   ,                           ,
o vivo            ,alive          ,Noun           ,                   ,                           ,
e                 ,and            ,Conjunction    ,                   ,                           ,
o animal          ,animal         ,Noun           ,                   ,                           ,
a resposta        ,answer         ,Noun           ,                   ,                           ,
o qualquer coisa  ,anything       ,Noun           ,                   ,                           ,
separado          ,apart          ,Adverb         ,                   ,                           ,
o apartamento     ,apartment      ,Noun           ,                   ,                           ,
a maçã            ,apple          ,Noun           ,                   ,                           ,
o braço           ,arm            ,Noun           ,                   ,                           ,
o Exército        ,army           ,Noun           ,                   ,                           ,
ao redor          ,around         ,Noun           ,                   ,                           ,
a arte            ,art            ,Noun           ,                   ,                           ,
o artista         ,artist         ,Noun           ,                   ,                           ,
Como              ,as             ,Conjunction    ,                   ,                           ,
no                ,at             ,Conjunction    ,                   ,.                          
o ataque          ,attack         ,Noun           ,                   ,                           ,
A atenção         ,attention      ,Noun           ,                   ,                           ,
A tia             ,aunt           ,Noun           ,                   ,                           ,
a distância       ,away           ,Noun           ,                   ,                           ,
o autor           ,author         ,Noun           ,                   ,                           ,
o bebê            ,baby           ,Noun           ,                   ,                           ,
as costas         ,back           ,Noun           ,body               ,                           ,
as costas         ,back           ,Noun           ,direction          ,                           ,
o mal             ,bad            ,Noun           ,                   ,"worse, worst"             ,
a bolsa           ,bag            ,Noun           ,                   ,                           ,
a bola            ,ball           ,Noun           ,                   ,                           ,
a banana          ,banana         ,Noun           ,                   ,                           ,
a banda           ,band           ,Noun           ,music              ,                           ,
o banco           ,bank           ,Noun           ,                   ,                           ,
o bar             ,bar            ,Noun           ,Location           ,                           ,
a base            ,base           ,Noun           ,                   ,                           ,
o morcego         ,bat            ,Noun           ,                   ,                           ,
o banheiro        ,bathroom       ,Noun           ,                   ,                           ,
a praia           ,beach          ,Noun           ,                   ,                           ,
o urso            ,bear           ,Noun           ,                   ,                           ,
a barba           ,beard          ,Noun           ,                   ,                           ,
o lindo           ,beautiful      ,Noun           ,                   ,                           ,
a cama            ,bed            ,Noun           ,                   ,                           ,
o quarto          ,bedroom        ,Noun           ,                   ,                           ,
a abelha          ,bee            ,Noun           ,                   ,                           ,
O bife            ,beef           ,Noun           ,                   ,                           ,
A cerveja         ,beer           ,Noun           ,                   ,                           ,
antes da          ,before         ,Preposition    ,                   ,                           ,
atras do          ,behind         ,Preposition    ,                   ,                           ,
o sino            ,bell           ,Noun           ,                   ,                           ,
a barriga         ,belly          ,Noun           ,                   ,                           ,
a bebida          ,beverage       ,Noun           ,                   ,                           ,
a bicicleta       ,bicycle        ,Noun           ,                   ,                           ,
o grande/grande   ,big/large      ,Noun           ,                   ,                           ,
a conta           ,bill           ,Noun           ,                   ,                           ,
o bilhão          ,billion        ,Noun           ,                   ,                           ,
o pássaro         ,bird           ,Noun           ,                   ,                           ,
o aniversário     ,birthday       ,Noun           ,                   ,                           ,
o preto           ,black          ,Noun           ,                   ,                           ,
cego              ,blind          ,Adjective      ,                   ,                           ,
o bloco           ,block          ,Noun           ,                   ,                           ,
o sangue          ,blood          ,Noun           ,                   ,                           ,
o golpe           ,blow           ,Noun           ,                   ,                           ,
azul              ,blue           ,Adjective      ,                   ,                           ,
o barco           ,boat           ,Noun           ,                   ,                           ,
o corpo           ,body           ,Noun           ,                   ,                           ,
O osso            ,bone           ,Noun           ,                   ,                           ,
o livro           ,book           ,Noun           ,                   ,                           ,
a fronteira       ,border         ,Noun           ,                   ,                           ,
a garrafa         ,bottle         ,Noun           ,                   ,                           ,
o fundo           ,bottom         ,Noun           ,                   ,                           ,
a tigela          ,bowl           ,Noun           ,                   ,                           ,
a Caixa           ,box            ,Noun           ,                   ,                           ,
o menino          ,boy            ,Noun           ,                   ,                           ,
o namorado        ,boyfriend      ,Noun           ,                   ,                           ,
o cérebro         ,brain          ,Noun           ,                   ,                           ,
o pão             ,bread          ,Noun           ,                   ,                           ,
o café da manhã   ,breakfast      ,Noun           ,                   ,                           ,
a Ponte           ,bridge         ,Noun           ,                   ,                           ,
o irmão           ,brother        ,Noun           ,                   ,                           ,
o marrom          ,brown          ,Noun           ,                   ,                           ,
o edifício        ,building       ,Noun           ,                   ,                           ,
o ônibus          ,bus            ,Noun           ,                   ,                           ,
mas               ,but            ,Conjunction    ,                   ,                           ,
o bolo            ,cake           ,Noun           ,                   ,                           ,
a câmera          ,camera         ,Noun           ,                   ,                           ,
o campo           ,camp           ,Noun           ,                   ,                           ,
posso             ,can            ,Verb           ,                   ,                           ,
a vela            ,candle         ,Noun           ,                   ,                           ,
o boné            ,cap            ,Noun           ,                   ,                           ,
o carro           ,car            ,Noun           ,                   ,                           ,
o cartão          ,card           ,Noun           ,                   ,                           ,
a carreira        ,career         ,Noun           ,                   ,                           ,
A cenoura         ,carrot         ,Noun           ,                   ,                           ,
o gato            ,cat            ,Noun           ,                   ,                           ,
o teto            ,ceiling        ,Noun           ,                   ,                           ,
a célula          ,cell           ,Noun           ,                   ,                           ,
o centavo         ,cent           ,Noun           ,                   ,                           ,
o Centro          ,center         ,Noun           ,                   ,                           ,
o século          ,century        ,Noun           ,                   ,                           ,
o centímetro      ,centimeter     ,Noun           ,                   ,                           ,
certo             ,certain        ,Adjective      ,                   ,                           ,
a cadeira         ,chair          ,Noun           ,                   ,                           ,
o barato          ,cheap          ,Noun           ,                   ,                           ,
o queijo          ,cheese         ,Noun           ,                   ,                           ,
a galinha         ,chicken        ,Noun           ,                   ,                           ,
a criança         ,child          ,Noun           ,                   ,                           ,
o queixo          ,chin           ,Noun           ,                   ,                           ,
a Igreja          ,church         ,Noun           ,                   ,                           ,
o circulo         ,circle         ,Noun           ,                   ,                           ,
a cidade          ,city           ,Noun           ,                   ,                           ,
o barro           ,clay           ,Noun           ,                   ,                           ,
a classe          ,class          ,Noun           ,                   ,                           ,
limpar            ,clean          ,Adjective      ,                   ,                           ,
o relógio         ,clock          ,Noun           ,                   ,                           ,
perto             ,close          ,Adverb         ,                   ,                           ,
a roupa           ,clothing       ,Noun           ,                   ,clothes                    ,
o relógio         ,clock          ,Noun           ,                   ,                           ,
a roupa           ,cloth          ,Noun           ,                   ,                           ,
a nuvem           ,cloud          ,Noun           ,                   ,                           ,
o clube           ,club           ,Noun           ,location           ,                           ,
o casaco          ,coat           ,Noun           ,                   ,                           ,
o café            ,coffee         ,Noun           ,                   ,                           ,
o frio            ,cold           ,Noun           ,                   ,                           ,
a cor             ,color          ,Noun           ,                   ,                           ,
o Comitê          ,committee      ,Noun           ,                   ,                           ,
a empresa         ,company        ,Noun           ,                   ,                           ,
o computador      ,computer       ,Noun           ,                   ,                           ,
o complexo        ,complex        ,Noun           ,                   ,                           ,
a consoante       ,consonant      ,Noun           ,                   ,                           ,
a condição        ,condition      ,Noun           ,                   ,                           ,
o contrato        ,contract       ,Noun           ,                   ,                           ,
legal             ,cool           ,Adjective      ,                   ,                           ,
o cobre           ,copper         ,Noun           ,                   ,                           ,
o milho           ,corn           ,Noun           ,                   ,                           ,
a esquina         ,corner         ,Noun           ,                   ,                           ,
o país            ,country        ,Noun           ,(e.g. USA & Spain) ,                           ,
O tribunal        ,court          ,Noun           ,                   ,                           ,
a capa            ,cover          ,Noun           ,                   ,                           ,
a vaca            ,cow            ,Noun           ,                   ,                           ,
a multidão        ,crowd          ,Noun           ,                   ,                           ,
a xícara          ,cup            ,Noun           ,                   ,                           ,
o curvo           ,curved         ,Noun           ,                   ,                           ,
bonitinho         ,cute           ,Adjective      ,                   ,                           ,
o pai             ,dad            ,Noun           ,                   ,Daddy                      ,
o escuro          ,dark           ,Noun           ,                   ,                           ,
a data            ,date           ,Noun           ,e.g. May 7         ,                           ,
a filha           ,daughter       ,Noun           ,                   ,                           ,
o dia             ,day            ,Noun           ,                   ,                           ,
o morto           ,dead           ,Noun           ,                   ,                           ,
o surdo           ,deaf           ,Noun           ,                   ,                           ,
a morte           ,death          ,Noun           ,                   ,                           ,
o profundo        ,deep           ,Noun           ,                   ,                           ,
o diamante        ,diamond        ,Noun           ,                   ,                           ,
o jantar          ,dinner         ,Noun           ,                   ,                           ,
a direção         ,direction      ,Noun           ,                   ,                           ,
a sujeira         ,dirty          ,Noun           ,                   ,                           ,
a doença          ,disease        ,Noun           ,                   ,                           ,
o médico          ,doctor         ,Noun           ,                   ,                           ,
o cachorro        ,dog            ,Noun           ,                   ,                           ,
o dólar           ,dollar         ,Noun           ,                   ,                           ,
a porta           ,door           ,Noun           ,                   ,                           ,
o ponto           ,dot            ,Noun           ,                   ,                           ,
baixa             ,down           ,Preposition    ,                   ,                           ,
o sonho           ,dream          ,Noun           ,                   ,                           ,
o vestido         ,dress          ,Noun           ,                   ,                           ,
a droga           ,drug           ,Noun           ,                   ,                           ,
O seco            ,dry            ,Noun           ,                   ,                           ,
a poeira          ,dust           ,Noun           ,                   ,                           ,
a orelha          ,ear            ,Noun           ,                   ,                           ,
o leste           ,east           ,Noun           ,                   ,                           ,
A beira           ,edge           ,Noun           ,                   ,                           ,
o ovo             ,egg            ,Noun           ,                   ,                           ,
os oito           ,eight          ,Noun           ,                   ,                           ,
os dezoito        ,eighteen       ,Noun           ,                   ,                           ,
os oitenta        ,eighty         ,Noun           ,                   ,                           ,
qualquer          ,either         ,Adverb         ,                   ,                           ,
a eleição         ,election       ,Noun           ,                   ,                           ,
a eletrônica      ,electronics    ,Noun           ,                   ,                           ,
os onze           ,eleven         ,Noun           ,                   ,                           ,
a energia         ,energy         ,Noun           ,                   ,                           ,
o motor           ,engine         ,Noun           ,                   ,                           ,
a noite           ,evening        ,Noun           ,                   ,                           ,
o tudo            ,everything     ,Noun           ,                   ,                           ,
a evidência       ,evidence       ,Noun           ,                   ,                           ,
o exercício       ,exercise       ,Noun           ,                   ,                           ,
o caro            ,expensive      ,Noun           ,                   ,                           ,
o olho            ,eye            ,Noun           ,                   ,                           ,
o rosto           ,face           ,Noun           ,                   ,                           ,
a queda           ,fall           ,Noun           ,season             ,                           ,
a família         ,family         ,Noun           ,                   ,                           ,
o famoso          ,famous         ,Noun           ,                   ,                           ,
o fã              ,fan            ,Noun           ,electric           ,                           ,
o fã              ,fan            ,Noun           ,sport              ,                           ,
distante          ,far            ,Adverb         ,                   ,                           ,
a Fazenda         ,farm           ,Noun           ,                   ,                           ,
o rápido          ,fast           ,Noun           ,                   ,                           ,
o pai             ,father         ,Noun           ,                   ,                           ,
a fêmea           ,female         ,Noun           ,                   ,                           ,
os quinze         ,fifteen        ,Noun           ,                   ,                           ,
o quinto          ,fifth          ,Noun           ,5th                ,                           ,
os cinquenta      ,fifty          ,Noun           ,                   ,                           ,
o dedo            ,finger         ,Noun           ,                   ,                           ,
o fogo            ,fire           ,Noun           ,                   ,                           ,
o primeiro        ,first          ,Noun           ,1st                ,                           ,
o Peixe           ,fish           ,Noun           ,                   ,                           ,
os cinco          ,five           ,Noun           ,                   ,                           ,
apartamento       ,flat           ,Adjective      ,                   ,                           ,
o chão            ,floor          ,Noun           ,                   ,                           ,
a flor            ,flower         ,Noun           ,                   ,                           ,
a comida          ,food           ,Noun           ,                   ,                           ,
o pé              ,foot           ,Noun           ,body part          ,                           ,
o pé              ,foot           ,Noun           ,measurement        ,                           ,
a floresta        ,forest         ,Noun           ,                   ,                           ,
o garfo           ,fork           ,Noun           ,                   ,                           ,
os quarenta       ,forty          ,Noun           ,                   ,                           ,
os quatro         ,four           ,Noun           ,                   ,                           ,
os quatorze       ,fourteen       ,Noun           ,                   ,                           ,
o quarto          ,fourth         ,Noun           ,4th                ,                           ,
o amigo           ,friend         ,Noun           ,                   ,                           ,
a frente          ,front          ,Noun           ,                   ,                           ,
o jogo            ,game           ,Noun           ,                   ,                           ,
o Jardim          ,garden         ,Noun           ,                   ,                           ,
a gasolina        ,gasoline       ,Noun           ,                   ,                           ,
o presente        ,gift           ,Noun           ,                   ,                           ,
a garota          ,girl           ,Noun           ,                   ,                           ,
a namorada        ,girlfriend     ,Noun           ,                   ,                           ,
o vidro           ,glass          ,Noun           ,                   ,                           ,
o ouro            ,gold           ,Noun           ,                   ,                           ,
o bom             ,good           ,Noun           ,                   ,"better, best"             ,
o avô             ,grandfather    ,Noun           ,                   ,                           ,
a avó             ,grandmother    ,Noun           ,                   ,                           ,
a grama           ,grass          ,Noun           ,                   ,                           ,
o cinza           ,gray           ,Noun           ,                   ,                           ,
o verde           ,green          ,Noun           ,                   ,                           ,
o chão            ,ground         ,Noun           ,                   ,                           ,
a arma            ,gun            ,Noun           ,                   ,                           ,
o cabelo          ,hair           ,Noun           ,                   ,                           ,
a metade          ,half           ,Noun           ,                   ,                           ,
a mão             ,hand           ,Noun           ,                   ,                           ,
o feliz           ,happy          ,Noun           ,                   ,                           ,
o difícil         ,hard           ,Noun           ,                   ,                           ,
o chapéu          ,hat            ,Noun           ,                   ,                           ,
ele               ,he             ,Pronoun        ,                   ,"his, him, himself"        ,
a cabeça          ,head           ,Noun           ,                   ,                           ,
o saudável        ,healthy        ,Noun           ,                   ,                           ,
o ouvir           ,hear           ,Noun           ,a sound            ,                           ,
o coração         ,heart          ,Noun           ,                   ,                           ,
o calor           ,heat           ,Noun           ,                   ,                           ,
o céu             ,heaven         ,Noun           ,                   ,                           ,
o pesado          ,heavy          ,Noun           ,                   ,                           ,
o inferno         ,hell           ,Noun           ,                   ,                           ,
o alto            ,high           ,Noun           ,                   ,                           ,
a colina          ,hill           ,Noun           ,                   ,                           ,
o buraco          ,hole           ,Noun           ,                   ,                           ,
o cavalo          ,horse          ,Noun           ,                   ,                           ,
o hospital        ,hospital       ,Noun           ,                   ,                           ,
o calor           ,hot            ,Noun           ,                   ,                           ,
o hotel           ,hotel          ,Noun           ,                   ,                           ,
a hora            ,hour           ,Noun           ,                   ,                           ,
a casa            ,house          ,Noun           ,                   ,                           ,
o humano          ,human          ,Noun           ,                   ,                           ,
os cem            ,hundred        ,Noun           ,                   ,                           ,
o marido          ,husband        ,Noun           ,                   ,                           ,
o gelo            ,ice            ,Noun           ,                   ,                           ,
a imagem          ,image          ,Noun           ,                   ,                           ,
a polegada        ,inch           ,Noun           ,                   ,                           ,
a lesão           ,injury         ,Noun           ,                   ,                           ,
o interior        ,inside         ,Noun           ,                   ,                           ,
o instrumento     ,instrument     ,Noun           ,musical            ,                           ,
interessante      ,interesting    ,Adjective      ,                   ,                           ,
a ilha            ,island         ,Noun           ,                   ,                           ,
a coisa           ,it             ,Noun           ,                   ,                           ,
o emprego         ,job            ,Noun           ,                   ,                           ,
o juiz            ,judge          ,Noun           ,Job                ,                           ,
o suco            ,juice          ,Noun           ,                   ,                           ,
a chave           ,key            ,Noun           ,                   ,                           ,
o quilograma      ,kilogram       ,Noun           ,                   ,                           ,
o rei             ,king           ,Noun           ,                   ,                           ,
a cozinha         ,kitchen        ,Noun           ,                   ,                           ,
o joelho          ,knee           ,Noun           ,                   ,                           ,
a faca            ,knife          ,Noun           ,                   ,                           ,
o lago            ,lake           ,Noun           ,                   ,                           ,
a lâmpada         ,lamp           ,Noun           ,                   ,                           ,
o laptop          ,laptop         ,Noun           ,                   ,                           ,
O advogado        ,lawyer         ,Noun           ,                   ,                           ,
a folha           ,leaf           ,Noun           ,                   ,                           ,
a esquerda        ,left           ,Noun           ,direction          ,                           ,
a perna           ,leg            ,Noun           ,                   ,                           ,
o limão           ,lemon          ,Noun           ,                   ,                           ,
a carta           ,letter         ,Noun           ,                   ,                           ,
a biblioteca      ,library        ,Noun           ,                   ,                           ,
a mentira         ,lie            ,Noun           ,                   ,                           ,
leve              ,light          ,Adjective      ,/dark              ,                           ,
leve              ,light          ,Adjective      ,/heavy             ,                           ,
a luz             ,light          ,Noun           ,                   ,                           ,
o lábio           ,lip            ,Noun           ,                   ,                           ,
a lista           ,list           ,Noun           ,                   ,                           ,
a localização     ,location       ,Noun           ,                   ,                           ,
a fechadura       ,lock           ,Noun           ,                   ,                           ,
o longo           ,long           ,Noun           ,                   ,                           ,
o solto           ,loose          ,Noun           ,                   ,                           ,
o alto            ,loud           ,Noun           ,                   ,                           ,
o menor           ,low            ,Noun           ,                   ,                           ,
O almoço          ,lunch          ,Noun           ,                   ,                           ,
a revista         ,magazine       ,Noun           ,                   ,                           ,
o masculino       ,male           ,Noun           ,                   ,                           ,
o homem           ,man            ,Noun           ,                   ,                           ,
o gerente         ,manager        ,Noun           ,                   ,                           ,
o mapa            ,map            ,Noun           ,                   ,                           ,
o mercado         ,market         ,Noun           ,                   ,                           ,
o casamento       ,marriage       ,Noun           ,                   ,                           ,
o material        ,material       ,Noun           ,                   ,                           ,
O significativo   ,mean           ,Noun           ,/nice              ,                           ,
o remédio         ,medicine       ,Noun           ,                   ,                           ,
a confusão        ,mess           ,Noun           ,                   ,                           ,
o metal           ,metal          ,Noun           ,                   ,                           ,
o medidor         ,meter          ,Noun           ,                   ,                           ,
o leite           ,milk           ,Noun           ,                   ,                           ,
o milhão          ,million        ,Noun           ,                   ,                           ,
O minuto          ,minute         ,Noun           ,                   ,                           ,
a mãe             ,mom            ,Noun           ,                   ,Mommy                      ,
o dinheiro        ,money          ,Noun           ,                   ,                           ,
o mês             ,month          ,Noun           ,                   ,                           ,
a lua             ,moon           ,Noun           ,                   ,                           ,
a manhã           ,morning        ,Noun           ,                   ,                           ,
a mãe             ,mother         ,Noun           ,                   ,                           ,
a montanha        ,mountain       ,Noun           ,                   ,                           ,
o rato            ,mouse          ,Noun           ,                   ,                           ,
a boca            ,mouth          ,Noun           ,                   ,                           ,
o filme           ,movie          ,Noun           ,                   ,                           ,
o assassinato     ,murder         ,Noun           ,                   ,                           ,
a música          ,music          ,Noun           ,                   ,                           ,
o estreito        ,narrow         ,Noun           ,                   ,                           ,
a natureza        ,nature         ,Noun           ,                   ,                           ,
aproximar         ,near           ,Adverb         ,                   ,                           ,
o pescoço         ,neck           ,Noun           ,                   ,                           ,
a agulha          ,needle         ,Noun           ,                   ,                           ,
a vizinha         ,neighbor       ,Noun           ,                   ,                           ,
nenhum            ,neither        ,Adverb         ,                   ,                           ,
a rede            ,network        ,Noun           ,                   ,                           ,
o novo            ,new            ,Noun           ,                   ,                           ,
o jornal          ,newspaper      ,Noun           ,                   ,                           ,
o bom             ,nice           ,Noun           ,                   ,                           ,
a noite           ,night          ,Noun           ,                   ,                           ,
os nove           ,nine           ,Noun           ,                   ,                           ,
os dezenove       ,nineteen       ,Noun           ,                   ,                           ,
os noventa        ,ninety         ,Noun           ,                   ,                           ,
o não             ,no             ,Noun           ,                   ,                           ,
nem               ,nor            ,Conjunction    ,                   ,                           ,
o norte           ,north          ,Noun           ,                   ,                           ,
o nariz           ,nose           ,Noun           ,                   ,                           ,
a anotação        ,note           ,Noun           ,on paper           ,                           ,
o nada            ,nothing        ,Noun           ,                   ,                           ,
o nuclear         ,nuclear        ,Noun           ,                   ,                           ,
o número          ,number         ,Noun           ,                   ,                           ,
o oceano          ,ocean          ,Noun           ,                   ,                           ,
o escritório      ,office         ,Noun           ,                   ,                           ,
o óleo            ,oil            ,Noun           ,                   ,                           ,
o velho           ,old            ,Noun           ,/new               ,                           ,
o velho           ,old            ,Noun           ,/young             ,                           ,
único             ,one            ,Noun           ,                   ,                           ,
os cem            ,one hundred    ,Noun           ,                   ,                           ,
o um milhão       ,one million    ,Noun           ,                   ,                           ,
os mil            ,one thousand   ,Noun           ,                   ,                           ,
ou                ,or             ,Conjunction    ,                   ,                           ,
a laranja         ,orange         ,Noun           ,color              ,                           ,
a laranja         ,orange         ,Noun           ,food               ,                           ,
o lado de fora    ,outside        ,Noun           ,                   ,                           ,
a página          ,page           ,Noun           ,                   ,                           ,
a dor             ,pain           ,Noun           ,                   ,                           ,
a pintura         ,paint          ,Noun           ,                   ,                           ,
as calças         ,pants          ,Noun           ,                   ,                           ,
o papel           ,paper          ,Noun           ,                   ,                           ,
o pai             ,parent         ,Noun           ,                   ,                           ,
o Parque          ,park           ,Noun           ,location           ,                           ,
o paciente        ,patient        ,Noun           ,                   ,                           ,
o padrão          ,pattern        ,Noun           ,                   ,                           ,
a paz             ,peace          ,Noun           ,                   ,                           ,
a caneta          ,pen            ,Noun           ,                   ,                           ,
o lápis           ,pencil         ,Noun           ,                   ,                           ,
a pessoa          ,person         ,Noun           ,                   ,                           ,
o telefone        ,phone          ,Noun           ,                   ,                           ,
a foto            ,photograph     ,Noun           ,                   ,                           ,
a peça            ,piece          ,Noun           ,                   ,                           ,
o porco           ,pig            ,Noun           ,                   ,                           ,
o rosa            ,pink           ,Noun           ,                   ,                           ,
o plano           ,plan           ,Noun           ,                   ,                           ,
o avião           ,plane          ,Noun           ,                   ,                           ,
a planta          ,plant          ,Noun           ,                   ,                           ,
o plástico        ,plastic        ,Noun           ,                   ,                           ,
o prato           ,plate          ,Noun           ,                   ,                           ,
o jogador         ,player         ,Noun           ,                   ,                           ,
o bolso           ,pocket         ,Noun           ,                   ,                           ,
O veneno          ,poison         ,Noun           ,                   ,                           ,
a polícia         ,police         ,Noun           ,                   ,                           ,
a piscina         ,pool           ,Noun           ,                   ,                           ,
os pobres         ,poor           ,Noun           ,                   ,                           ,
O porco           ,pork           ,Noun           ,                   ,                           ,
possivelmente     ,possibly       ,Adverb         ,                   ,                           ,
a libra           ,pound          ,Noun           ,weight             ,                           ,
o presidente      ,president      ,Noun           ,                   ,                           ,
o preço           ,price          ,Noun           ,                   ,                           ,
o padre           ,priest         ,Noun           ,                   ,                           ,
a prisão          ,prison         ,Noun           ,                   ,                           ,
privado           ,private        ,Adjective      ,                   ,                           ,
o programa        ,program        ,Noun           ,computer           ,                           ,
público           ,public         ,Adjective      ,                   ,                           ,
a rainha          ,queen          ,Noun           ,                   ,                           ,
o quieto          ,quiet          ,Noun           ,                   ,                           ,
a corrida         ,race           ,Noun           ,ethnicity          ,                           ,
a corrida         ,race           ,Noun           ,sport              ,                           ,
o rádio           ,radio          ,Noun           ,                   ,                           ,
a chuva           ,rain           ,Noun           ,                   ,                           ,
o vermelho        ,red            ,Noun           ,                   ,                           ,
a religião        ,religion       ,Noun           ,                   ,                           ,
o repórter        ,reporter       ,Noun           ,                   ,                           ,
o restaurante     ,restaurant     ,Noun           ,                   ,                           ,
o arroz           ,rice           ,Noun           ,                   ,                           ,
o rico            ,rich           ,Noun           ,                   ,                           ,
o certo           ,right          ,Noun           ,direction          ,                           ,
o anel            ,ring           ,Noun           ,                   ,                           ,
o Rio             ,river          ,Noun           ,                   ,                           ,
o telhado         ,roof           ,Noun           ,                   ,                           ,
a sala            ,room           ,Noun           ,in a house         ,                           ,
a raiz            ,root           ,Noun           ,                   ,                           ,
a tristeza        ,sad            ,Noun           ,                   ,                           ,
o sal             ,salt           ,Noun           ,                   ,                           ,
a areia           ,sand           ,Noun           ,                   ,                           ,
a escola          ,school         ,Noun           ,                   ,                           ,
a ciência         ,science        ,Noun           ,                   ,                           ,
a tela            ,screen         ,Noun           ,                   ,                           ,
o mar             ,sea            ,Noun           ,                   ,                           ,
a Estação         ,season         ,Noun           ,                   ,                           ,
o segundo         ,second         ,Noun           ,2nd                ,                           ,
o segundo         ,second         ,Noun           ,time               ,                           ,
a secretária      ,secretary      ,Noun           ,                   ,                           ,
a semente         ,seed           ,Noun           ,                   ,                           ,
os sete           ,seven          ,Noun           ,                   ,                           ,
os dezessete      ,seventeen      ,Noun           ,                   ,                           ,
os setenta        ,seventy        ,Noun           ,                   ,                           ,
o sexo            ,sex            ,Noun           ,act                ,                           ,
o sexo            ,sex            ,Noun           ,gender             ,                           ,
o raso            ,shallow        ,Noun           ,                   ,                           ,
ela               ,she            ,Noun           ,                   ,"her, hers, herself"       ,
o navio           ,ship           ,Noun           ,                   ,                           ,
a camisa          ,shirt          ,Noun           ,                   ,                           ,
os sapatos        ,shoes          ,Noun           ,                   ,                           ,
curto             ,short          ,Adjective      ,long               ,                           ,
curto             ,short          ,Adjective      ,vs. tall           ,                           ,
o ombro           ,shoulder       ,Noun           ,                   ,                           ,
o doente          ,sick           ,Noun           ,                   ,                           ,
o lado            ,side           ,Noun           ,                   ,                           ,
o sinal           ,sign           ,Noun           ,                   ,                           ,
a prata           ,silver         ,Noun           ,                   ,                           ,
a irmã            ,sister         ,Noun           ,                   ,                           ,
os seis           ,six            ,Noun           ,                   ,                           ,
os dezesseis      ,sixteen        ,Noun           ,                   ,                           ,
os sessenta       ,sixty          ,Noun           ,                   ,                           ,
a pele            ,skin           ,Noun           ,                   ,                           ,
a saia            ,skirt          ,Noun           ,                   ,                           ,
o céu             ,sky            ,Noun           ,                   ,                           ,
o lento           ,slow           ,Noun           ,                   ,                           ,
o pequeno/pequeno ,small/little   ,Noun           ,                   ,                           ,
a neve            ,snow           ,Noun           ,                   ,                           ,
o sabão           ,soap           ,Noun           ,                   ,                           ,
O macio           ,soft           ,Noun           ,                   ,                           ,
o solo/terra      ,soil/earth     ,Noun           ,                   ,                           ,
o soldado         ,soldier        ,Noun           ,                   ,                           ,
o filho           ,son            ,Noun           ,                   ,                           ,
a música          ,song           ,Noun           ,                   ,                           ,
o som             ,sound          ,Noun           ,                   ,                           ,
a sopa            ,soup           ,Noun           ,                   ,                           ,
o sul             ,south          ,Noun           ,                   ,                           ,
o espaço          ,space          ,Noun           ,outer space        ,                           ,
a colher          ,spoon          ,Noun           ,                   ,                           ,
o desporto        ,sport          ,Noun           ,                   ,                           ,
a primavera       ,spring         ,Noun           ,season             ,                           ,
o quadrado        ,square         ,Noun           ,                   ,                           ,
a mancha          ,stain          ,Noun           ,                   ,                           ,
a estrela         ,star           ,Noun           ,                   ,                           ,
a estação         ,station        ,Noun           ,                   ,                           ,
a pedra           ,stone          ,Noun           ,                   ,                           ,
a loja/loja       ,store/shop     ,Noun           ,                   ,                           ,
o reto            ,straight       ,Noun           ,                   ,                           ,
a rua/estrada     ,street/road    ,Noun           ,                   ,                           ,
O forte           ,strong         ,Noun           ,                   ,                           ,
o estudante       ,student        ,Noun           ,                   ,                           ,
o açúcar          ,sugar          ,Noun           ,                   ,                           ,
o terno           ,suit           ,Noun           ,                   ,                           ,
O Verão           ,summer         ,Noun           ,                   ,                           ,
o sol             ,sun            ,Noun           ,                   ,                           ,
O suor            ,sweat          ,Noun           ,                   ,                           ,
a mesa            ,table          ,Noun           ,                   ,                           ,
o alto            ,tall           ,Noun           ,                   ,                           ,
o chá             ,tea            ,Noun           ,                   ,                           ,
a professora      ,teacher        ,Noun           ,                   ,                           ,
O time            ,team           ,Noun           ,                   ,                           ,
a lágrima         ,tear           ,Noun           ,drop               ,                           ,
a tecnologia      ,technology     ,Noun           ,                   ,                           ,
o telefone_       ,telephone_     ,Noun           ,                   ,                           ,
a televisão       ,television     ,Noun           ,                   ,                           ,
a temperatura     ,temperature    ,Noun           ,                   ,                           ,
os dez            ,ten            ,Noun           ,                   ,                           ,
os dez mil        ,ten thousand   ,Noun           ,                   ,                           ,
o teatro          ,theater        ,Noun           ,                   ,                           ,
elas              ,they           ,Pronoun        ,                   ,"them, their, theirs"      ,
a espessura       ,thick          ,Noun           ,                   ,                           ,
o magro           ,thin           ,Noun           ,                   ,                           ,
o terceiro        ,third          ,Noun           ,3rd                ,                           ,
os treze          ,thirteen       ,Noun           ,                   ,                           ,
os trinta         ,thirty         ,Noun           ,                   ,                           ,
os mil            ,thousand       ,Noun           ,                   ,                           ,
os três           ,three          ,Noun           ,                   ,                           ,
o bilhete         ,ticket         ,Noun           ,train              ,                           ,
o apertado        ,tight          ,Noun           ,                   ,                           ,
A Hora            ,time           ,Noun           ,                   ,                           ,
o pneu            ,tire           ,Noun           ,of a car           ,                           ,
ser               ,to be          ,Verb           ,                   ,                           ,
derrotar          ,to beat        ,Verb           ,                   ,                           ,
começar           ,to begin       ,Verb           ,                   ,                           ,
dobrar            ,to bend        ,Verb           ,                   ,                           ,
quebrar           ,to break       ,Verb           ,                   ,                           ,
ferver            ,to boil        ,Verb           ,                   ,                           ,
construir         ,to build       ,Verb           ,                   ,                           ,
queimar           ,to burn        ,Verb           ,                   ,                           ,
comprar           ,to buy         ,Verb           ,                   ,                           ,
chamar            ,to call        ,Verb           ,                   ,                           ,
carregar          ,to carry       ,Verb           ,                   ,                           ,
cancelar          ,to cancel      ,Verb           ,                   ,                           ,
importar-se       ,to care        ,Verb           ,                   ,                           ,
pegar             ,to catch       ,Verb           ,                   ,                           ,
causar            ,to cause       ,Verb           ,                   ,                           ,
limpar            ,to clean       ,Verb           ,                   ,                           ,
fechar            ,to close       ,Verb           ,                   ,                           ,
vir               ,to come        ,Verb           ,                   ,                           ,
comparar          ,to compare     ,Verb           ,                   ,                           ,
competir          ,to compete     ,Verb           ,                   ,                           ,
conectar          ,to connect     ,Verb           ,                   ,                           ,
cozinhar          ,to cook        ,Verb           ,                   ,                           ,
contar            ,to count       ,Verb           ,                   ,                           ,
chorar            ,to cry         ,Verb           ,                   ,                           ,
cortar            ,to cut         ,Verb           ,                   ,                           ,
dançar            ,to dance       ,Verb           ,                   ,                           ,
merecer           ,to deserve     ,Verb           ,                   ,                           ,
morrer            ,to die         ,Verb           ,                   ,                           ,
cavar             ,to dig         ,Verb           ,                   ,                           ,
façam             ,to do          ,Verb           ,                   ,                           ,
para baixo        ,to down        ,Verb           ,                   ,                           ,
desenhar          ,to draw        ,Verb           ,                   ,                           ,
vestir            ,to dress       ,Verb           ,                   ,                           ,
para beber        ,to drink       ,Verb           ,                   ,                           ,
dirigir           ,to drive       ,Verb           ,                   ,                           ,
comer             ,to eat         ,Verb           ,                   ,                           ,
para curtir       ,to enjoy       ,Verb           ,                   ,                           ,
explodir          ,to explode     ,Verb           ,                   ,                           ,
cair              ,to fall        ,Verb           ,                   ,                           ,
alimentar         ,to feed        ,Verb           ,                   ,                           ,
lutar             ,to fight       ,Verb           ,                   ,                           ,
encontrar         ,to find        ,Verb           ,                   ,                           ,
terminar          ,to finish      ,Verb           ,                   ,                           ,
Consertar         ,to fix         ,Verb           ,                   ,                           ,
voar              ,to fly         ,Verb           ,                   ,                           ,
seguir            ,to follow      ,Verb           ,                   ,                           ,
dar               ,to give        ,Verb           ,                   ,                           ,
ir                ,to go          ,Verb           ,                   ,                           ,
crescer           ,to grow        ,Verb           ,                   ,                           ,
pendurar          ,to hang        ,Verb           ,                   ,                           ,
Ter               ,to have        ,Verb           ,                   ,                           ,
ajudar            ,to help        ,Verb           ,                   ,                           ,
segurar           ,to hold        ,Verb           ,                   ,                           ,
saltar            ,to jump        ,Verb           ,                   ,                           ,
manter            ,to keep        ,Verb           ,                   ,                           ,
matar             ,to kill        ,Verb           ,                   ,                           ,
beijar            ,to kiss        ,Verb           ,                   ,                           ,
rir               ,to laugh       ,Verb           ,                   ,                           ,
aprender          ,to learn       ,Verb           ,                   ,                           ,
levantar          ,to lift        ,Verb           ,                   ,                           ,
ouvir             ,to listen      ,Verb           ,to music           ,                           ,
perder            ,to lose        ,Verb           ,                   ,                           ,
amar              ,to love        ,Verb           ,                   ,                           ,
casar             ,to marry       ,Verb           ,                   ,                           ,
encontrar         ,to meet        ,Verb           ,                   ,                           ,
derreter          ,to melt        ,Verb           ,                   ,                           ,
mencionar         ,to mention     ,Verb           ,                   ,                           ,
misturar / mexer  ,to mix/stir    ,Verb           ,                   ,                           ,
abrir             ,to open        ,Verb           ,                   ,                           ,
passar            ,to pass        ,Verb           ,                   ,                           ,
pagar             ,to pay         ,Verb           ,                   ,                           ,
jogar             ,to play        ,Verb           ,                   ,                           ,
para rezar        ,to pray        ,Verb           ,                   ,                           ,
puxar             ,to pull        ,Verb           ,                   ,                           ,
para impulsionar  ,to push        ,Verb           ,                   ,                           ,
colocar           ,to put         ,Verb           ,                   ,                           ,
respeitar         ,to respect     ,Verb           ,                   ,                           ,
para correr       ,to run         ,Verb           ,                   ,                           ,
ver               ,to see         ,Verb           ,a bird             ,                           ,
vender            ,to sell        ,Verb           ,                   ,                           ,
agitar            ,to shake       ,Verb           ,                   ,                           ,
o para atirar     ,to shoot       ,Noun           ,a gun              ,                           ,
assinar           ,to sign        ,Verb           ,                   ,                           ,
cantar            ,to sing        ,Verb           ,                   ,                           ,
sentar            ,to sit         ,Verb           ,                   ,                           ,
dormir            ,to sleep       ,Verb           ,                   ,                           ,
cheirar           ,to smell       ,Verb           ,                   ,                           ,
sorrir            ,to smile       ,Verb           ,                   ,                           ,
falar/dizer       ,to speak/say   ,Verb           ,                   ,                           ,
gastar            ,to spend       ,Verb           ,                   ,                           ,
ficar de pé       ,to stand       ,Verb           ,                   ,                           ,
ficar             ,to stay        ,Verb           ,                   ,                           ,
parar             ,to stop        ,Verb           ,                   ,                           ,
para surpreender  ,to surprise    ,Verb           ,                   ,                           ,
nadar             ,to swim        ,Verb           ,                   ,                           ,
pegar             ,to take        ,Verb           ,                   ,                           ,
provar            ,to taste       ,Verb           ,                   ,                           ,
ensinar           ,to teach       ,Verb           ,                   ,                           ,
pensar            ,to think       ,Verb           ,                   ,                           ,
arremessar        ,to throw       ,Verb           ,                   ,                           ,
tocar             ,to touch       ,Verb           ,                   ,                           ,
virar             ,to turn        ,Verb           ,                   ,                           ,
para cima         ,to up          ,Verb           ,                   ,                           ,
andar             ,to walk        ,Verb           ,                   ,                           ,
para lavar        ,to wash        ,Verb           ,                   ,                           ,
assistir          ,to watch       ,Verb           ,(TV)               ,                           ,
vestir            ,to wear        ,Verb           ,                   ,                           ,
vestir            ,to wear        ,Verb           ,                   ,                           ,
ganhar            ,to win         ,Verb           ,                   ,                           ,
trabalhar         ,to work        ,Verb           ,                   ,                           ,
escrever          ,to write       ,Verb           ,                   ,                           ,
o dedo do pé      ,toe            ,Noun           ,                   ,                           ,
a língua          ,tongue         ,Noun           ,                   ,                           ,
a ferramenta      ,tool           ,Noun           ,                   ,                           ,
o dente           ,tooth          ,Noun           ,                   ,                           ,
o topo            ,top            ,Noun           ,                   ,                           ,
a cidade          ,town           ,Noun           ,                   ,                           ,
o trem            ,train          ,Noun           ,                   ,                           ,
o transporte      ,transportation ,Noun           ,                   ,                           ,
a árvore          ,tree           ,Noun           ,                   ,                           ,
o camião          ,truck          ,Noun           ,                   ,                           ,
os doze           ,twelve         ,Noun           ,                   ,                           ,
os vinte          ,twenty         ,Noun           ,                   ,                           ,
o vinte e um      ,twenty one     ,Noun           ,                   ,                           ,
os dois           ,two            ,Noun           ,                   ,                           ,
os duzentos       ,two hundred    ,Noun           ,                   ,                           ,
o feio            ,ugly           ,Noun           ,                   ,                           ,
o tio             ,uncle          ,Noun           ,                   ,                           ,
a Universidade    ,university     ,Noun           ,                   ,                           ,
o up              ,up             ,Noun           ,                   ,                           ,
o Vale            ,valley         ,Noun           ,                   ,                           ,
o verbo           ,verb           ,Noun           ,                   ,                           ,
a vítima          ,victim         ,Noun           ,                   ,                           ,
a voz             ,voice          ,Noun           ,                   ,                           ,
a vogal           ,vowel          ,Noun           ,                   ,                           ,
o garçom          ,waiter         ,Noun           ,                   ,                           ,
o despertar       ,wake           ,Noun           ,                   ,                           ,
a parede          ,wall           ,Noun           ,                   ,                           ,
a guerra          ,war            ,Noun           ,                   ,                           ,
caloroso          ,warm           ,Adjective      ,                   ,                           ,
a água            ,water          ,Noun           ,                   ,                           ,
a onda            ,wave           ,Noun           ,ocean              ,                           ,
nós               ,we             ,Pronoun        ,                   ,"us, our, ours, ourselves" ,
o fraco           ,weak           ,Noun           ,                   ,                           ,
o casamento       ,wedding        ,Noun           ,                   ,                           ,
a semana          ,week           ,Noun           ,                   ,                           ,
a semana          ,week           ,Noun           ,                   ,                           ,
O fim de semana   ,weekend        ,Noun           ,                   ,                           ,
pesar             ,weigh          ,Verb           ,                   ,                           ,
O peso            ,weight         ,Noun           ,                   ,                           ,
O peso            ,weight         ,Noun           ,                   ,                           ,
o poço            ,well           ,Noun           ,                   ,                           ,
o Oeste           ,west           ,Noun           ,                   ,                           ,
o Oeste           ,west           ,Noun           ,                   ,                           ,
o Oeste           ,western        ,Noun           ,                   ,                           ,
o molhado         ,wet            ,Noun           ,adj.               ,                           ,
o quê             ,what           ,Noun           ,                   ,                           ,
o quando          ,when           ,Noun           ,                   ,                           ,
onde              ,where          ,Noun           ,                   ,                           ,
se                ,whether        ,Adverb         ,                   ,                           ,
a bruxa           ,which          ,Noun           ,                   ,                           ,
o tempo           ,while          ,Noun           ,                   ,                           ,
o branco          ,white          ,Noun           ,                   ,                           ,
o branco          ,white          ,Noun           ,                   ,                           ,
A WHO             ,who            ,Noun           ,                   ,                           ,
o todo            ,whole          ,Noun           ,                   ,                           ,
o porquê          ,why            ,Noun           ,                   ,                           ,
a vasta           ,wide           ,Noun           ,                   ,                           ,
a vasta           ,wide           ,Noun           ,                   ,                           ,
a esposa          ,wife           ,Noun           ,                   ,                           ,
a esposa          ,wife           ,Noun           ,                   ,                           ,
o selvagem        ,wild           ,Noun           ,                   ,                           ,
a vontade         ,will           ,Noun           ,                   ,                           ,
a vitória         ,win            ,Noun           ,                   ,                           ,
o vento           ,wind           ,Noun           ,                   ,                           ,
o vento           ,wind           ,Noun           ,                   ,                           ,
a janela          ,window         ,Noun           ,                   ,                           ,
a janela          ,window         ,Noun           ,                   ,                           ,
o vinho           ,wine           ,Noun           ,                   ,                           ,
o vinho           ,wine           ,Noun           ,                   ,                           ,
a asa             ,wing           ,Noun           ,                   ,                           ,
a asa             ,wing           ,Noun           ,                   ,                           ,
o vencedor        ,winner         ,Noun           ,                   ,                           ,
o inverno         ,winter         ,Noun           ,                   ,                           ,
o inverno         ,winter         ,Noun           ,                   ,                           ,
o fio             ,wire           ,Noun           ,                   ,                           ,
a mulher          ,woman          ,Noun           ,                   ,                           ,
a Madeira         ,wood           ,Noun           ,                   ,                           ,
o mundo           ,world          ,Noun           ,                   ,                           ,
o Jardim          ,yard           ,Noun           ,                   ,                           ,
o ano             ,year           ,Noun           ,                   ,                           ,
o amarelo         ,yellow         ,Noun           ,                   ,                           ,
o sim             ,yes            ,Noun           ,                   ,                           ,
vocês             ,you            ,Pronoun        ,singular/plural    ,"your, yours, yourself"    ,
O jovem           ,young          ,Noun           ,                   ,                           ,
o zero            ,zero           ,Noun           ,                   ,                           ,
